Config,Intermediary,Consumers,m,Anonymization,Participation Rate,Social Welfare,Consumer Surplus,Producer Profit,Intermediary Profit,Intermediary Profit Loss (%),Individual Accuracy,TP,TN,FP,FN,Consumer Surplus Gap,Gini Consumer Surplus
A (Theory),Rational,Rational,0.0,anonymized,0.0011384444225298138,185.7577926812196,66.20165095266691,119.55513864100053,0.001003087552156856,0.0,,,,,,,
B,Rational,LLM,0.0,anonymized,0.0,185.7577926812196,66.20165095266691,119.55513864100053,0.001003087552156856,0.0,1.0,0.0,20.0,0.0,0.0,0.0,0.3105620612861688
C,LLM,Rational,0.5900000000000001,identified,0.0827436583169242,185.7567895936674,66.2016509526669,119.55513864100053,-0.9853000000000001,98326.71987917616,,,,,,,
D,LLM,LLM,0.9,identified,0.0,185.7567895936674,66.2016509526669,119.55513864100053,0.0,100.0,0.25,0.0,5.0,0.0,15.0,-15.142043960094966,0.31056206128616903
