Config,Intermediary,Consumers,m,Anonymization,Participation Rate,Social Welfare,Consumer Surplus,Producer Profit,Intermediary Profit,Intermediary Profit Loss (%),Individual Accuracy,TP,TN,FP,FN,Consumer Surplus Gap,Gini Consumer Surplus
A (Theory),Rational,Rational,"[0.6, 0.6, 0.6, 0.6, 0.6, 0.6, 0.6, 0.6, 0.6, 0.6, 0.6, 0.6, 0.6, 0.6, 0.6, 0.6, 0.6, 0.6, 0.6, 0.6]",identified,0.03424390602811047,209.4440290893279,76.55102813585835,131.18265041936823,1.3113505341013418,0.0,,,,,,,
B,Rational,LLM,"[0.6, 0.6, 0.6, 0.6, 0.6, 0.6, 0.6, 0.6, 0.6, 0.6, 0.6, 0.6, 0.6, 0.6, 0.6, 0.6, 0.6, 0.6, 0.6, 0.6]",identified,0.05,212.48758242921096,64.25654716525003,147.1206847298596,1.1103505341013418,15.327709469973547,1.0,1.0,19.0,0.0,0.0,-12.29448097060832,0.015911915149787292
C,LLM,Rational,0.65,identified,0.049071424787417606,209.9448554080052,76.55102813585835,131.18265041936823,1.57742685277863,-20.290251291171973,,,,,,,
D,LLM,LLM,0.4,anonymized,0.05,213.5228785672666,64.05654716525002,147.1206847298596,2.345646672156949,-78.8725905971741,1.0,1.0,19.0,0.0,0.0,-12.49448097060835,0.012995467621650159
