Config,Intermediary,Consumers,m,Anonymization,Participation Rate,Social Welfare,Consumer Surplus,Producer Profit,Intermediary Profit,Intermediary Profit Loss (%),Individual Accuracy,TP,TN,FP,FN,Consumer Surplus Gap,Gini Consumer Surplus
A (Theory),Rational,Rational,"[0.6, 0.6, 0.6, 0.6, 0.6, 0.6, 0.6, 0.6, 0.6, 0.6, 0.6, 0.6, 0.6, 0.6, 0.6, 0.6, 0.6, 0.6, 0.6, 0.6]",identified,0.03424390602811047,209.4440290893279,76.55102813585835,131.18265041936823,1.3113505341013418,0.0,,,,,,,
B,Rational,LLM,"[0.6, 0.6, 0.6, 0.6, 0.6, 0.6, 0.6, 0.6, 0.6, 0.6, 0.6, 0.6, 0.6, 0.6, 0.6, 0.6, 0.6, 0.6, 0.6, 0.6]",identified,0.05,212.48758242921096,64.25654716525003,147.1206847298596,1.1103505341013418,15.327709469973547,1.0,1.0,19.0,0.0,0.0,-12.29448097060832,0.015911915149787292
C,LLM,Rational,0.7500000000000001,identified,0.08334895630029204,210.70791310138299,76.55102813585835,131.18265041936823,1.714234546156415,-30.722831277997415,,,,,,,
D,LLM,LLM,0.8,identified,0.0,207.73367855522656,76.55102813585835,131.18265041936823,0.0,100.0,0.75,0.0,15.0,0.0,5.0,0.0,0.017643694111231012
