Config,Intermediary,Consumers,m,Anonymization,Participation Rate,Social Welfare,Consumer Surplus,Producer Profit,Intermediary Profit,Intermediary Profit Loss (%),Individual Accuracy,TP,TN,FP,FN,Consumer Surplus Gap,Gini Consumer Surplus
A (Theory),Rational,Rational,"[0.6, 0.6, 0.6, 0.6, 0.6, 0.6, 0.6, 0.6, 0.6, 0.6, 0.6, 0.6, 0.6, 0.6, 0.6, 0.6, 0.6, 0.6, 0.6, 0.6]",identified,0.03424390602811047,209.4440290893279,76.55102813585835,131.18265041936823,1.3113505341013418,0.0,,,,,,,
B,Rational,LLM,"[0.6, 0.6, 0.6, 0.6, 0.6, 0.6, 0.6, 0.6, 0.6, 0.6, 0.6, 0.6, 0.6, 0.6, 0.6, 0.6, 0.6, 0.6, 0.6, 0.6]",identified,0.0,209.4440290893279,76.55102813585835,131.18265041936823,1.7103505341013419,-30.426647156813154,0.95,0.0,19.0,0.0,1.0,0.0,0.017643694111231012
C,LLM,Rational,0.7000000000000001,identified,0.06538230128851415,210.25077967436255,76.55102813585835,131.18265041936823,1.6071011191359812,-22.55312956709282,,,,,,,
D,LLM,LLM,0.8999999999999999,anonymized,0.0,207.73367855522662,76.55102813585837,131.18265041936823,0.0,100.0,0.65,0.0,13.0,0.0,7.0,1.1913860714593483,0.017643694111231234
