Config,Intermediary,Consumers,m,Anonymization,Participation Rate,Social Welfare,Consumer Surplus,Producer Profit,Intermediary Profit,Intermediary Profit Loss (%),Individual Accuracy,TP,TN,FP,FN,Consumer Surplus Gap,Gini Consumer Surplus
A (Theory),Rational,Rational,"[0.6, 0.6, 0.6, 0.6, 0.6, 0.6, 0.6, 0.6, 0.6, 0.6, 0.6, 0.6, 0.6, 0.6, 0.6, 0.6, 0.6, 0.6, 0.6, 0.6]",identified,0.03424390602811047,209.4440290893279,76.55102813585835,131.18265041936823,1.3113505341013418,0.0,,,,,,,
B,Rational,LLM,"[0.6, 0.6, 0.6, 0.6, 0.6, 0.6, 0.6, 0.6, 0.6, 0.6, 0.6, 0.6, 0.6, 0.6, 0.6, 0.6, 0.6, 0.6, 0.6, 0.6]",identified,0.05,201.4712078446387,97.65394734695012,102.70690996358724,1.1103505341013418,15.327709469973547,0.9,0.0,18.0,1.0,1.0,21.102919211091773,0.022431747708695493
C,LLM,Rational,0.7,identified,0.06538230128851415,210.25077967436255,76.55102813585835,131.18265041936823,1.6071011191359814,-22.55312956709284,,,,,,,
D,LLM,LLM,1.7000000000000002,anonymized,0.05,207.13968645339105,85.86460567925015,120.09819649599106,1.1768842781498217,10.254028381791054,0.1,1.0,1.0,0.0,18.0,-20.284652318591768,0.033013210958964256
