Config,Intermediary,Consumers,m,Anonymization,Participation Rate,Social Welfare,Consumer Surplus,Producer Profit,Intermediary Profit,Intermediary Profit Loss (%),Individual Accuracy,TP,TN,FP,FN,Consumer Surplus Gap,Gini Consumer Surplus
A (Theory),Rational,Rational,"[0.6, 0.6, 0.6, 0.6, 0.6, 0.6, 0.6, 0.6, 0.6, 0.6, 0.6, 0.6, 0.6, 0.6, 0.6, 0.6, 0.6, 0.6, 0.6, 0.6]",identified,0.03424390602811047,209.4440290893279,76.55102813585835,131.18265041936823,1.3113505341013418,0.0,,,,,,,
B,Rational,LLM,"[0.6, 0.6, 0.6, 0.6, 0.6, 0.6, 0.6, 0.6, 0.6, 0.6, 0.6, 0.6, 0.6, 0.6, 0.6, 0.6, 0.6, 0.6, 0.6, 0.6]",identified,0.0,209.4440290893279,76.55102813585835,131.18265041936823,1.7103505341013419,-30.426647156813154,0.95,0.0,19.0,0.0,1.0,0.0,0.017643694111231012
C,LLM,Rational,0.7500000000000001,anonymized,0.08334895630029238,210.7742326820165,76.55102813585837,131.18265041936823,1.7055541267898764,-30.060886272386288,,,,,,,
D,LLM,LLM,0.8500000000000001,anonymized,0.05,212.16303492983837,68.27056417895776,142.21236515554196,1.6801055953386603,-28.120250966308056,0.75,1.0,14.0,0.0,5.0,0.6066664590138089,0.018057286118403848
