Config,Intermediary,Consumers,m,Anonymization,Participation Rate,Social Welfare,Consumer Surplus,Producer Profit,Intermediary Profit,Intermediary Profit Loss (%),Individual Accuracy,TP,TN,FP,FN,Consumer Surplus Gap,Gini Consumer Surplus
A (Theory),Rational,Rational,"[0.6, 0.6, 0.6, 0.6, 0.6, 0.6, 0.6, 0.6, 0.6, 0.6, 0.6, 0.6, 0.6, 0.6, 0.6, 0.6, 0.6, 0.6, 0.6, 0.6]",identified,0.03424390602811047,209.4440290893279,76.55102813585835,131.18265041936823,1.3113505341013418,0.0,,,,,,,
B,Rational,LLM,"[0.6, 0.6, 0.6, 0.6, 0.6, 0.6, 0.6, 0.6, 0.6, 0.6, 0.6, 0.6, 0.6, 0.6, 0.6, 0.6, 0.6, 0.6, 0.6, 0.6]",identified,0.05,209.2448629794622,74.74302557248922,133.39148687287164,1.1103505341013418,15.327709469973547,0.9,0.0,18.0,1.0,1.0,-1.8080025633691292,0.015983474104231954
C,LLM,Rational,0.75,identified,0.08334895630029204,210.70791310138299,76.55102813585835,131.18265041936823,1.7142345461564152,-30.722831277997432,,,,,,,
D,LLM,LLM,1.2,anonymized,0.1,218.12012803083059,60.171721574381,157.38761788135213,0.5607885750974537,57.235799237939254,0.45,2.0,7.0,0.0,11.0,-31.363639740117215,0.04367115996439175
