Config,Intermediary,Consumers,m,Anonymization,Participation Rate,Social Welfare,Consumer Surplus,Producer Profit,Intermediary Profit,Intermediary Profit Loss (%),Individual Accuracy,TP,TN,FP,FN,Consumer Surplus Gap,Gini Consumer Surplus
A (Theory),Rational,Rational,0.0,anonymized,0.0011384444225298138,185.7577926812196,66.20165095266691,119.55513864100053,0.001003087552156856,0.0,,,,,,,
B,Rational,LLM,0.0,anonymized,0.0,185.7577926812196,66.20165095266691,119.55513864100053,0.001003087552156856,0.0,1.0,0.0,20.0,0.0,0.0,0.0,0.3105620612861688
C,LLM,Rational,0.05,anonymized,0.001999195313093828,185.76504290361078,66.20165095266691,119.55513864100053,0.0072533099433286586,-623.0983903381582,,,,,,,
D,LLM,LLM,0.9,anonymized,0.0,185.75678959366743,66.20165095266691,119.55513864100053,0.0,100.0,0.6,0.0,12.0,0.0,8.0,-7.328885660639031,0.3105620612861688
