Config,Intermediary,Consumers,m,Anonymization,Participation Rate,Social Welfare,Consumer Surplus,Producer Profit,Intermediary Profit,Intermediary Profit Loss (%),Individual Accuracy,TP,TN,FP,FN,Consumer Surplus Gap,Gini Consumer Surplus
A (Theory),Rational,Rational,0.7000000000000001,identified,0.06538230128851415,210.25077967436255,76.55102813585835,131.18265041936823,1.6071011191359812,0.0,,,,,,,
B,Rational,LLM,0.7000000000000001,identified,0.0,210.25077967436255,76.55102813585835,131.18265041936823,2.5171011191359813,-56.62369275738166,0.95,0.0,19.0,0.0,1.0,0.0,0.017643694111231012
C,LLM,Rational,0.77,identified,0.10175887105819537,211.10447770971325,76.55102813585835,131.18265041936823,1.7730491544866924,-10.325923700428332,,,,,,,
D,LLM,LLM,1.05,anonymized,0.0,207.73367855522662,76.55102813585837,131.18265041936823,0.0,100.0,0.4,0.0,8.0,0.0,12.0,-7.550068827571053,0.017643694111231234
