Config,Intermediary,Consumers,m,Anonymization,Participation Rate,Social Welfare,Consumer Surplus,Producer Profit,Intermediary Profit,Intermediary Profit Loss (%),Individual Accuracy,TP,TN,FP,FN,Consumer Surplus Gap,Gini Consumer Surplus
A (Theory),Rational,Rational,"[0.6, 0.6, 0.6, 0.6, 0.6, 0.6, 0.6, 0.6, 0.6, 0.6, 0.6, 0.6, 0.6, 0.6, 0.6, 0.6, 0.6, 0.6, 0.6, 0.6]",identified,0.03424390602811047,209.4440290893279,76.55102813585835,131.18265041936823,1.3113505341013418,0.0,,,,,,,
B,Rational,LLM,"[0.6, 0.6, 0.6, 0.6, 0.6, 0.6, 0.6, 0.6, 0.6, 0.6, 0.6, 0.6, 0.6, 0.6, 0.6, 0.6, 0.6, 0.6, 0.6, 0.6]",identified,0.0,209.4440290893279,76.55102813585835,131.18265041936823,1.7103505341013419,-30.426647156813154,0.95,0.0,19.0,0.0,1.0,0.0,0.017643694111231012
C,LLM,Rational,0.7700000000000001,anonymized,0.10175887105819587,211.20435018101034,76.55102813585837,131.18265041936823,1.857521625783734,-41.649511513462635,,,,,,,
D,LLM,LLM,1.6,anonymized,0.1,218.12012803083056,60.97172157438099,157.38761788135213,-0.23921142490254654,118.24160807365487,0.2,2.0,2.0,0.0,16.0,-42.77384290685826,0.054906907121011095
