Config,Intermediary,Consumers,m,Anonymization,Participation Rate,Social Welfare,Consumer Surplus,Producer Profit,Intermediary Profit,Intermediary Profit Loss (%),Individual Accuracy,TP,TN,FP,FN,Consumer Surplus Gap,Gini Consumer Surplus
A (Theory),Rational,Rational,"[0.6, 0.6, 0.6, 0.6, 0.6, 0.6, 0.6, 0.6, 0.6, 0.6, 0.6, 0.6, 0.6, 0.6, 0.6, 0.6, 0.6, 0.6, 0.6, 0.6]",identified,0.03424390602811047,209.4440290893279,76.55102813585835,131.18265041936823,1.3113505341013418,0.0,,,,,,,
B,Rational,LLM,"[0.6, 0.6, 0.6, 0.6, 0.6, 0.6, 0.6, 0.6, 0.6, 0.6, 0.6, 0.6, 0.6, 0.6, 0.6, 0.6, 0.6, 0.6, 0.6, 0.6]",identified,0.0,209.4440290893279,76.55102813585835,131.18265041936823,1.7103505341013419,-30.426647156813154,0.95,0.0,19.0,0.0,1.0,0.0,0.017643694111231012
C,LLM,Rational,0.78,identified,0.10442766205593745,211.10439422632996,76.55102813585835,131.18265041936823,1.7327156711033938,-32.132151247477864,,,,,,,
D,LLM,LLM,0.7000000000000001,anonymized,0.1,216.72614122087526,63.05681268917946,151.81087945696478,1.858449074731021,-41.720236229941484,0.95,1.0,18.0,1.0,0.0,-13.494215446678915,0.02571978863543367
