{
  "scenario": "A_recommendation",
  "params": {
    "n_consumers": 10,
    "n_firms": 5,
    "search_cost": 0.02,
    "privacy_costs": [
      0.03623620356542087,
      0.053521429192297486,
      0.04695981825434215,
      0.042959754525911095,
      0.029680559213273096,
      0.02967983561008608,
      0.026742508365045985,
      0.050985284373248056,
      0.04303345035229626,
      0.04624217733388136
    ],
    "v_dist": {
      "type": "uniform",
      "low": 0.0,
      "high": 1.0
    },
    "r_value": 0.8,
    "firm_cost": 0.0,
    "seed": 42
  },
  "gt_numeric": {
    "eq_share_rate": 1.0,
    "eq_prices": [
      0.698827744273689,
      0.698827744273689,
      0.698827744273689,
      0.698827744273689,
      0.698827744273689
    ],
    "eq_avg_price": 0.698827744273689,
    "eq_consumer_surplus": -0.035801020785802606,
    "eq_firm_profit": 0.5590621954189512,
    "eq_welfare": 0.5232611746331486,
    "delta": 0.057023999999999984
  },
  "gt_labels": {
    "high_share_rate": 1,
    "low_share_rate": 0,
    "price_competitive": 0
  },
  "full_equilibrium": {
    "equilibrium_share_rate": 1.0,
    "equilibrium_prices": [
      0.698827744273689,
      0.698827744273689,
      0.698827744273689,
      0.698827744273689,
      0.698827744273689
    ],
    "avg_price": 0.698827744273689,
    "share_decisions": [
      1,
      1,
      1,
      1,
      1,
      1,
      1,
      1,
      1,
      1
    ],
    "consumer_surplus": -0.035801020785802606,
    "firm_profit": 0.5590621954189512,
    "social_welfare": 0.5232611746331486,
    "delta": 0.057023999999999984,
    "converged": true
  }
}