{
  "params_base": {
    "N": 20,
    "data_structure": "common_preferences",
    "mu_theta": 5.0,
    "sigma_theta": 1.0,
    "sigma": 1.0,
    "tau_dist": "normal",
    "tau_mean": 1.0,
    "tau_std": 0.3,
    "c": 0.0,
    "participation_timing": "ex_ante",
    "seed": 42
  },
  "optimal_strategy": {
    "m_star": [
      0.6,
      0.6,
      0.6,
      0.6,
      0.6,
      0.6,
      0.6,
      0.6,
      0.6,
      0.6,
      0.6,
      0.6,
      0.6,
      0.6,
      0.6,
      0.6,
      0.6,
      0.6,
      0.6,
      0.6
    ],
    "m_star_mean": 0.5999999999999999,
    "m_star_std": 1.1102230246251565e-16,
    "anonymization_star": "identified",
    "intermediary_profit_star": 1.7158879538828122,
    "r_star": 0.03424390602811047,
    "delta_u_star": 0.4534648902085152,
    "m_0_star": 1.7103505341013419,
    "optimization_method": "hybrid"
  },
  "equilibrium": {
    "consumer_surplus": 76.55102813585835,
    "producer_profit": 131.18265041936823,
    "intermediary_profit": 1.3113505341013418,
    "social_welfare": 209.4440290893279,
    "gini_coefficient": 0.017643694111231012,
    "price_discrimination_index": 0.0
  },
  "data_transaction": {
    "m_0": 1.7103505341013419,
    "producer_profit_with_data": 131.18265041936823,
    "producer_profit_no_data": 131.18265041936823,
    "producer_profit_gain": 0.0,
    "expected_num_participants": 0.0,
    "intermediary_cost": 0.3989999999999999
  },
  "sample_data": {
    "w": [
      5.304717079754432,
      5.304717079754432,
      5.304717079754432,
      5.304717079754432,
      5.304717079754432,
      5.304717079754432,
      5.304717079754432,
      5.304717079754432,
      5.304717079754432,
      5.304717079754432,
      5.304717079754432,
      5.304717079754432,
      5.304717079754432,
      5.304717079754432,
      5.304717079754432,
      5.304717079754432,
      5.304717079754432,
      5.304717079754432,
      5.304717079754432,
      5.304717079754432
    ],
    "s": [
      4.2647329735139365,
      6.055168275560889,
      6.245281796145646,
      3.353681891100595,
      4.0025375728921135,
      5.432557482921717,
      4.9884744874108495,
      5.287915922250143,
      4.4516731521808515,
      6.18411505461726,
      6.08250901518338,
      5.370747777315648,
      6.431958286722464,
      5.772226422006478,
      4.445424616871193,
      5.6734678638369305,
      4.345834478925433,
      6.183167381061704,
      5.254791168768179,
      5.119854716209171
    ],
    "theta": 5.304717079754432,
    "epsilon": null
  },
  "sample_participation": [
    false,
    false,
    false,
    false,
    false,
    false,
    false,
    false,
    false,
    false,
    false,
    false,
    false,
    false,
    false,
    false,
    false,
    false,
    false,
    false
  ],
  "optimization_info": {
    "method": "hybrid",
    "m_bounds": [
      0.0,
      3.0
    ],
    "convergence": {
      "success": false,
      "nit": 0,
      "nfev": 1600,
      "message": "Early stop at 1600 evaluations",
      "m_mean": 0.5999999999999999,
      "m_std": 1.1102230246251565e-16,
      "m_min": 0.6,
      "m_max": 0.6,
      "r_star": 0.0568171040089421,
      "delta_u": 0.4852212999485757,
      "grid_search_init": 0.6,
      "grid_search_profit": 1.7158879538828122
    }
  }
}