{
  "params": {
    "N": 20,
    "data_structure": "common_experience",
    "anonymization": "identified",
    "mu_theta": 5.0,
    "sigma_theta": 1.0,
    "sigma": 1.0,
    "m": 1.0,
    "c": 0.0,
    "tau_mean": 1.0,
    "tau_std": 0.3,
    "tau_dist": "normal",
    "participation_timing": "ex_ante",
    "posterior_method": "approx",
    "seed": 42
  },
  "rational_participation_rate": 0.6676340713110583,
  "r_history": [
    0.5,
    0.6399169454548961,
    0.6550659191472347,
    0.6618782104968209,
    0.6652499005531938,
    0.6666743704229573,
    0.6672257563060935,
    0.6675697159744507,
    0.6676340713110583
  ],
  "m0_estimation": {
    "m_0": 4.916878091290425,
    "delta_profit_mean": 4.916878091290425,
    "delta_profit_std": 3.2195434357239376,
    "expected_num_participants": 13.38,
    "expected_intermediary_cost": 13.38,
    "expected_intermediary_profit": -8.463121908709576,
    "method": "estimate_m0_mc (Ex-Ante期望)",
    "mc_samples": 200,
    "beta": 1.0
  },
  "expected_outcome": {
    "participation_rate_realized": 0.6674999999999999,
    "consumer_surplus": 78.26170073433822,
    "producer_profit": 116.74621525659484,
    "intermediary_profit": -8.433121908709577,
    "social_welfare": 186.5747940822235,
    "gini_coefficient": 0.2462741039522652,
    "price_discrimination_index": 1.5064254036942393
  },
  "sample_data": {
    "w": [
      5.269488389146252,
      6.304850447400959,
      4.722418808274023,
      5.680806245152909,
      5.455778112946705,
      7.24320176675905,
      4.794524308385111,
      4.913627907996981,
      5.440053208100909,
      5.08224621456348,
      5.285442276199789,
      3.7013861405109787,
      3.3992579114146766,
      4.833692508183729,
      4.707001165824979,
      4.755490119075705,
      2.7424838146934265,
      6.3306116527132,
      5.1509058838019115,
      4.995187742003025
    ],
    "s": [
      3.477983877801691,
      4.513345936056398,
      2.930914296929462,
      3.889301733808348,
      3.6642736016021438,
      5.451697255414489,
      3.00301979704055,
      3.1221233966524196,
      3.6485486967563476,
      3.2907417032189192,
      3.493937764855228,
      1.9098816291664178,
      1.6077534000701157,
      3.042187996839168,
      2.9154966544804175,
      2.9639856077311437,
      0.9509793033488656,
      4.539107141368639,
      3.3594013724573504,
      3.2036832306584637
    ],
    "theta": null,
    "epsilon": -1.791504511344561
  },
  "sample_participation": [
    true,
    false,
    true,
    true,
    false,
    true,
    true,
    true,
    false,
    true,
    true,
    false,
    true,
    true,
    true,
    true,
    false,
    true,
    true,
    false
  ],
  "sample_outcome": {
    "participation_rate": 0.7,
    "num_participants": 14,
    "consumer_surplus": 91.7967422800933,
    "producer_profit": 61.68847876232375,
    "intermediary_profit": -9.083121908709575,
    "social_welfare": 144.40209913370745,
    "gini_coefficient": 0.2583476339395985,
    "price_variance": 0.19982107842797334,
    "price_discrimination_index": 1.8036967321231292,
    "acceptor_avg_utility": 5.519983652704333,
    "rejecter_avg_utility": 2.419495190372105,
    "learning_quality_participants": 1.5732916732366367,
    "learning_quality_rejecters": 1.5630788309563528
  },
  "sample_detailed_results": {
    "prices": [
      1.8445728144590807,
      2.445446790473019,
      1.58787093420365,
      2.0375758084314355,
      2.445446790473019,
      2.770699860877394,
      1.6217050534865456,
      1.6775921271505765,
      2.445446790473019,
      1.756713024847165,
      1.8520588691534325,
      2.445446790473019,
      0.9670031287542646,
      1.6400839780074352,
      1.5806365019775603,
      1.603389010810593,
      2.445446790473019,
      2.342484499671264,
      1.788930254259044,
      2.445446790473019
    ],
    "quantities": [
      1.8445728144590807,
      2.2006022924429436,
      1.58787093420365,
      2.0375758084314355,
      1.4045969788920805,
      2.770699860877394,
      1.6217050534865456,
      1.6775921271505765,
      1.3898548805991466,
      1.756713024847165,
      1.8520588691534325,
      0.0,
      0.9670031287542646,
      1.6400839780074352,
      1.5806365019775603,
      1.603389010810593,
      0.0,
      2.342484499671264,
      1.788930254259044,
      0.9727935061323802
    ],
    "utilities": [
      5.616281726964709,
      6.071687310145736,
      4.716590409261802,
      6.34750061485226,
      3.24185594445436,
      9.553571548867179,
      4.83041337921652,
      5.021590476586699,
      3.196220050451015,
      5.298987143102352,
      5.643767162819489,
      0.0,
      2.8844504592498743,
      4.892848454911667,
      4.692440230478105,
      4.768616117962086,
      0.0,
      7.598509223118757,
      5.414204190469167,
      2.0072078371815207
    ],
    "mu_consumers": [
      3.6891456289181614,
      4.646049082915963,
      3.1757418684073,
      4.075151616862871,
      3.8500437693650995,
      5.541399721754788,
      3.243410106973091,
      3.355184254301153,
      3.8353016710721657,
      3.51342604969433,
      3.704117738306865,
      2.2053012952066062,
      1.9340062575085293,
      3.2801679560148704,
      3.1612730039551207,
      3.206778021621186,
      1.306330364752651,
      4.684968999342528,
      3.577860508518088,
      3.4182402966053993
    ]
  },
  "outcome": {
    "participation_rate": 0.6674999999999999,
    "num_participants": 13,
    "consumer_surplus": 78.26170073433822,
    "producer_profit": 116.74621525659484,
    "intermediary_profit": -8.433121908709577,
    "social_welfare": 186.5747940822235,
    "gini_coefficient": 0.2462741039522652,
    "price_variance": 0.0,
    "price_discrimination_index": 1.5064254036942393,
    "acceptor_avg_utility": 0.0,
    "rejecter_avg_utility": 0.0,
    "learning_quality_participants": 0.0,
    "learning_quality_rejecters": 0.0
  },
  "data": {
    "w": [
      5.269488389146252,
      6.304850447400959,
      4.722418808274023,
      5.680806245152909,
      5.455778112946705,
      7.24320176675905,
      4.794524308385111,
      4.913627907996981,
      5.440053208100909,
      5.08224621456348,
      5.285442276199789,
      3.7013861405109787,
      3.3992579114146766,
      4.833692508183729,
      4.707001165824979,
      4.755490119075705,
      2.7424838146934265,
      6.3306116527132,
      5.1509058838019115,
      4.995187742003025
    ],
    "s": [
      3.477983877801691,
      4.513345936056398,
      2.930914296929462,
      3.889301733808348,
      3.6642736016021438,
      5.451697255414489,
      3.00301979704055,
      3.1221233966524196,
      3.6485486967563476,
      3.2907417032189192,
      3.493937764855228,
      1.9098816291664178,
      1.6077534000701157,
      3.042187996839168,
      2.9154966544804175,
      2.9639856077311437,
      0.9509793033488656,
      4.539107141368639,
      3.3594013724573504,
      3.2036832306584637
    ],
    "theta": null,
    "epsilon": -1.791504511344561
  },
  "rational_participation": [
    true,
    false,
    true,
    true,
    false,
    true,
    true,
    true,
    false,
    true,
    true,
    false,
    true,
    true,
    true,
    true,
    false,
    true,
    true,
    false
  ]
}