{
  "params": {
    "N": 20,
    "data_structure": "common_experience",
    "mu_theta": 5.0,
    "sigma_theta": 1.0,
    "sigma": 1.0,
    "anonymization": "anonymized",
    "m": 1.0,
    "tau_mean": 1.0,
    "tau_std": 0.3,
    "tau_dist": "normal",
    "participation_timing": "ex_ante",
    "seed": 42
  },
  "rational_participation_rate": 0.49406841505333043,
  "r_history": [
    0.5,
    0.4942424053245069,
    0.49414087420146324,
    0.49408613242410176,
    0.49406841505333043
  ],
  "m0_estimation": {
    "m_0": 0.6690661802594391,
    "delta_profit_mean": 0.6690661802594391,
    "delta_profit_std": 0.8625506625279508,
    "expected_num_participants": 9.755,
    "expected_intermediary_cost": 9.755,
    "expected_intermediary_profit": -9.085933819740562,
    "method": "estimate_m0_mc (Ex-Ante期望)",
    "mc_samples": 200,
    "beta": 1.0
  },
  "expected_outcome": {
    "participation_rate_realized": 0.4924999999999999,
    "consumer_surplus": 75.28537159139968,
    "producer_profit": 113.10368171999133,
    "intermediary_profit": -9.18093381974056,
    "social_welfare": 179.20811949165042,
    "gini_coefficient": 0.3447441473942458,
    "price_discrimination_index": 0.0
  },
  "sample_data": {
    "w": [
      5.269488389146252,
      6.304850447400959,
      4.722418808274023,
      5.680806245152909,
      5.455778112946705,
      7.24320176675905,
      4.794524308385111,
      4.913627907996981,
      5.440053208100909,
      5.08224621456348,
      5.285442276199789,
      3.7013861405109787,
      3.3992579114146766,
      4.833692508183729,
      4.707001165824979,
      4.755490119075705,
      2.7424838146934265,
      6.3306116527132,
      5.1509058838019115,
      4.995187742003025
    ],
    "s": [
      3.477983877801691,
      4.513345936056398,
      2.930914296929462,
      3.889301733808348,
      3.6642736016021438,
      5.451697255414489,
      3.00301979704055,
      3.1221233966524196,
      3.6485486967563476,
      3.2907417032189192,
      3.493937764855228,
      1.9098816291664178,
      1.6077534000701157,
      3.042187996839168,
      2.9154966544804175,
      2.9639856077311437,
      0.9509793033488656,
      4.539107141368639,
      3.3594013724573504,
      3.2036832306584637
    ],
    "theta": null,
    "epsilon": -1.791504511344561
  },
  "sample_participation": [
    true,
    false,
    true,
    true,
    false,
    true,
    true,
    true,
    false,
    true,
    false,
    false,
    true,
    true,
    true,
    true,
    false,
    true,
    true,
    false
  ],
  "sample_outcome": {
    "participation_rate": 0.65,
    "num_participants": 13,
    "consumer_surplus": 67.54732675807026,
    "producer_profit": 55.33242924896479,
    "intermediary_profit": -12.330933819740562,
    "social_welfare": 110.54882218729448,
    "gini_coefficient": 0.3570805969645132,
    "price_variance": 0.0,
    "price_discrimination_index": 0.0,
    "acceptor_avg_utility": 3.8589187859448826,
    "rejecter_avg_utility": 2.4830546486838267,
    "learning_quality_participants": 1.5562706018260193,
    "learning_quality_rejecters": 1.5520586884496592
  },
  "sample_detailed_results": {
    "prices": [
      2.445392128147482,
      2.445392128147482,
      2.445392128147482,
      2.445392128147482,
      2.445392128147482,
      2.445392128147482,
      2.445392128147482,
      2.445392128147482,
      2.445392128147482,
      2.445392128147482,
      2.445392128147482,
      2.445392128147482,
      2.445392128147482,
      2.445392128147482,
      2.445392128147482,
      2.445392128147482,
      2.445392128147482,
      2.445392128147482,
      2.445392128147482,
      2.445392128147482
    ],
    "quantities": [
      1.2596659348349748,
      2.2101732366138087,
      0.7484163860436657,
      1.6440522645554818,
      1.4177057244565048,
      3.104148079389793,
      0.8158006926950994,
      0.9271058423323817,
      1.4030291466004288,
      1.084683664540361,
      1.2587256101593831,
      0.0,
      0.0,
      0.8524043079830932,
      0.7340082320883083,
      0.7793223133999989,
      0.0,
      2.2513108894778977,
      1.1488477601977043,
      0.9878213782424035
    ],
    "utilities": [
      3.7640387229831376,
      6.087638617118568,
      2.424100535415981,
      4.967735981542543,
      3.26289668289512,
      11.075243925584267,
      2.583658274769305,
      2.858553190308875,
      3.2173513862594114,
      3.271883227251577,
      2.7826487746548305,
      0.0,
      1.0,
      2.672500980566488,
      2.3906556090338977,
      2.4966392763893093,
      0.0,
      7.2126366631260606,
      3.4482978303120295,
      2.030847079858857
    ],
    "mu_consumers": [
      3.7050580629824568,
      4.655565364761291,
      3.1938085141911476,
      4.089444392702964,
      3.8630978526039867,
      5.549540207537275,
      3.2611928208425813,
      3.3724979704798637,
      3.8484212747479107,
      3.530075792687843,
      3.704117738306865,
      2.2256653449973096,
      1.957283152245211,
      3.297796436130575,
      3.1794003602357903,
      3.224714441547481,
      1.3306898409009273,
      4.69670301762538,
      3.5942398883451863,
      3.4332135063898854
    ]
  },
  "outcome": {
    "participation_rate": 0.4924999999999999,
    "num_participants": 9,
    "consumer_surplus": 75.28537159139968,
    "producer_profit": 113.10368171999133,
    "intermediary_profit": -9.18093381974056,
    "social_welfare": 179.20811949165042,
    "gini_coefficient": 0.3447441473942458,
    "price_variance": 0.0,
    "price_discrimination_index": 0.0,
    "acceptor_avg_utility": 0.0,
    "rejecter_avg_utility": 0.0,
    "learning_quality_participants": 0.0,
    "learning_quality_rejecters": 0.0
  },
  "data": {
    "w": [
      5.269488389146252,
      6.304850447400959,
      4.722418808274023,
      5.680806245152909,
      5.455778112946705,
      7.24320176675905,
      4.794524308385111,
      4.913627907996981,
      5.440053208100909,
      5.08224621456348,
      5.285442276199789,
      3.7013861405109787,
      3.3992579114146766,
      4.833692508183729,
      4.707001165824979,
      4.755490119075705,
      2.7424838146934265,
      6.3306116527132,
      5.1509058838019115,
      4.995187742003025
    ],
    "s": [
      3.477983877801691,
      4.513345936056398,
      2.930914296929462,
      3.889301733808348,
      3.6642736016021438,
      5.451697255414489,
      3.00301979704055,
      3.1221233966524196,
      3.6485486967563476,
      3.2907417032189192,
      3.493937764855228,
      1.9098816291664178,
      1.6077534000701157,
      3.042187996839168,
      2.9154966544804175,
      2.9639856077311437,
      0.9509793033488656,
      4.539107141368639,
      3.3594013724573504,
      3.2036832306584637
    ],
    "theta": null,
    "epsilon": -1.791504511344561
  },
  "rational_participation": [
    true,
    false,
    true,
    true,
    false,
    true,
    true,
    true,
    false,
    true,
    false,
    false,
    true,
    true,
    true,
    true,
    false,
    true,
    true,
    false
  ]
}