{
  "params": {
    "N": 20,
    "data_structure": "common_preferences",
    "anonymization": "anonymized",
    "mu_theta": 5.0,
    "sigma_theta": 1.0,
    "sigma": 1.0,
    "m": 1.0,
    "c": 0.0,
    "tau_mean": 1.0,
    "tau_std": 0.3,
    "tau_dist": "normal",
    "participation_timing": "ex_ante",
    "posterior_method": "approx",
    "seed": 42
  },
  "rational_participation_rate": 0.467975376890785,
  "r_history": [
    0.5,
    0.47012802879186283,
    0.4692756019518909,
    0.4685732809892839,
    0.468165433206276,
    0.46804291598536807,
    0.467975376890785
  ],
  "m0_estimation": {
    "m_0": 4.234821165672899,
    "delta_profit_mean": 4.234821165672899,
    "delta_profit_std": 5.450880866171418,
    "expected_num_participants": 9.15,
    "expected_intermediary_cost": 9.15,
    "expected_intermediary_profit": -4.915178834327102,
    "method": "estimate_m0_mc (Ex-Ante期望)",
    "mc_samples": 200,
    "beta": 1.0
  },
  "expected_outcome": {
    "participation_rate_realized": 0.4625,
    "consumer_surplus": 84.14867803103579,
    "producer_profit": 139.95738070921632,
    "intermediary_profit": -5.015178834327101,
    "social_welfare": 219.09087990592508,
    "gini_coefficient": 0.06963588536211107,
    "price_discrimination_index": 0.0
  },
  "sample_data": {
    "w": [
      5.269488389146252,
      5.269488389146252,
      5.269488389146252,
      5.269488389146252,
      5.269488389146252,
      5.269488389146252,
      5.269488389146252,
      5.269488389146252,
      5.269488389146252,
      5.269488389146252,
      5.269488389146252,
      5.269488389146252,
      5.269488389146252,
      5.269488389146252,
      5.269488389146252,
      5.269488389146252,
      5.269488389146252,
      5.269488389146252,
      5.269488389146252,
      5.269488389146252
    ],
    "s": [
      6.574338836547211,
      4.991907197420275,
      5.950294634299161,
      5.725266502092957,
      7.512690155905302,
      5.064012697531363,
      5.183116297143233,
      5.709541597247161,
      5.351734603709732,
      5.554930665346041,
      3.9708745296572308,
      3.6687463005609287,
      5.103180897329981,
      4.976489554971231,
      5.024978508221957,
      3.0119722038396786,
      6.600100041859452,
      5.420394272948164,
      5.264676131149277,
      3.477983877801691
    ],
    "theta": 5.269488389146252,
    "epsilon": null
  },
  "sample_participation": [
    true,
    false,
    false,
    true,
    false,
    true,
    true,
    true,
    false,
    true,
    false,
    false,
    true,
    true,
    true,
    true,
    false,
    true,
    true,
    false
  ],
  "sample_outcome": {
    "participation_rate": 0.6,
    "num_participants": 12,
    "consumer_surplus": 83.15022222911458,
    "producer_profit": 135.23606779006153,
    "intermediary_profit": -7.765178834327101,
    "social_welfare": 210.621111184849,
    "gini_coefficient": 0.05814410378682666,
    "price_variance": 0.0,
    "price_discrimination_index": 0.0,
    "acceptor_avg_utility": 4.559414098221118,
    "rejecter_avg_utility": 3.554656631307646,
    "learning_quality_participants": 0.06849622265638662,
    "learning_quality_rejecters": 0.10125898383065057
  },
  "sample_detailed_results": {
    "prices": [
      2.600496083244935,
      2.600496083244935,
      2.600496083244935,
      2.600496083244935,
      2.600496083244935,
      2.600496083244935,
      2.600496083244935,
      2.600496083244935,
      2.600496083244935,
      2.600496083244935,
      2.600496083244935,
      2.600496083244935,
      2.600496083244935,
      2.600496083244935,
      2.600496083244935,
      2.600496083244935,
      2.600496083244935,
      2.600496083244935,
      2.600496083244935,
      2.600496083244935
    ],
    "quantities": [
      2.6004960832449298,
      2.5855614425971023,
      2.6540176880884516,
      2.6004960832449315,
      2.7656173682031753,
      2.6004960832449298,
      2.6004960832449298,
      2.6004960832449315,
      2.6112634001892063,
      2.6004960832449315,
      2.512630537756884,
      2.4910499499642915,
      2.6004960832449298,
      2.6004960832449298,
      2.6004960832449315,
      2.6004960832449298,
      2.700432360057043,
      2.6004960832449298,
      2.6004960832449298,
      2.477424062624346
    ],
    "utilities": [
      4.559414098221117,
      3.558279610004371,
      3.5616478448908944,
      4.559414098221119,
      3.557091763147795,
      4.559414098221117,
      4.559414098221117,
      4.559414098221119,
      3.5600936512028554,
      4.559414098221119,
      3.5495354632115887,
      3.5459282234620053,
      4.559414098221117,
      4.559414098221117,
      4.559414098221119,
      4.559414098221117,
      3.5612657259775573,
      4.559414098221117,
      4.559414098221117,
      3.5434107685641028
    ],
    "mu_consumers": [
      5.200992166489865,
      5.186057525842037,
      5.254513771333387,
      5.200992166489867,
      5.36611345144811,
      5.200992166489865,
      5.200992166489865,
      5.200992166489867,
      5.211759483434141,
      5.200992166489867,
      5.113126621001819,
      5.091546033209227,
      5.200992166489865,
      5.200992166489865,
      5.200992166489867,
      5.200992166489865,
      5.300928443301978,
      5.200992166489865,
      5.200992166489865,
      5.077920145869281
    ]
  },
  "outcome": {
    "participation_rate": 0.4625,
    "num_participants": 9,
    "consumer_surplus": 84.14867803103579,
    "producer_profit": 139.95738070921632,
    "intermediary_profit": -5.015178834327101,
    "social_welfare": 219.09087990592508,
    "gini_coefficient": 0.06963588536211107,
    "price_variance": 0.0,
    "price_discrimination_index": 0.0,
    "acceptor_avg_utility": 0.0,
    "rejecter_avg_utility": 0.0,
    "learning_quality_participants": 0.0,
    "learning_quality_rejecters": 0.0
  },
  "data": {
    "w": [
      5.269488389146252,
      5.269488389146252,
      5.269488389146252,
      5.269488389146252,
      5.269488389146252,
      5.269488389146252,
      5.269488389146252,
      5.269488389146252,
      5.269488389146252,
      5.269488389146252,
      5.269488389146252,
      5.269488389146252,
      5.269488389146252,
      5.269488389146252,
      5.269488389146252,
      5.269488389146252,
      5.269488389146252,
      5.269488389146252,
      5.269488389146252,
      5.269488389146252
    ],
    "s": [
      6.574338836547211,
      4.991907197420275,
      5.950294634299161,
      5.725266502092957,
      7.512690155905302,
      5.064012697531363,
      5.183116297143233,
      5.709541597247161,
      5.351734603709732,
      5.554930665346041,
      3.9708745296572308,
      3.6687463005609287,
      5.103180897329981,
      4.976489554971231,
      5.024978508221957,
      3.0119722038396786,
      6.600100041859452,
      5.420394272948164,
      5.264676131149277,
      3.477983877801691
    ],
    "theta": 5.269488389146252,
    "epsilon": null
  },
  "rational_participation": [
    true,
    false,
    false,
    true,
    false,
    true,
    true,
    true,
    false,
    true,
    false,
    false,
    true,
    true,
    true,
    true,
    false,
    true,
    true,
    false
  ]
}