{
  "params": {
    "N": 20,
    "data_structure": "common_preferences",
    "anonymization": "identified",
    "mu_theta": 5.0,
    "sigma_theta": 1.0,
    "sigma": 1.0,
    "m": 1.0,
    "c": 0.0,
    "tau_mean": 1.0,
    "tau_std": 0.3,
    "tau_dist": "normal",
    "participation_timing": "ex_ante",
    "posterior_method": "approx",
    "seed": 42
  },
  "rational_participation_rate": 0.4679753768907844,
  "r_history": [
    0.5,
    0.47012802879186283,
    0.4692756019518897,
    0.46857328098928336,
    0.46816543320627724,
    0.4680429159853669,
    0.4679753768907844
  ],
  "m0_estimation": {
    "m_0": 3.4259830483852443,
    "delta_profit_mean": 3.4259830483852443,
    "delta_profit_std": 4.868807341275848,
    "expected_num_participants": 9.31,
    "expected_intermediary_cost": 9.31,
    "expected_intermediary_profit": -5.884016951614756,
    "method": "estimate_m0_mc (Ex-Ante期望)",
    "mc_samples": 200,
    "beta": 1.0
  },
  "expected_outcome": {
    "participation_rate_realized": 0.4625,
    "consumer_surplus": 84.1486780310358,
    "producer_profit": 139.95738070921635,
    "intermediary_profit": -5.8240169516147535,
    "social_welfare": 218.2820417886374,
    "gini_coefficient": 0.069635885362111,
    "price_discrimination_index": 3.6637359812630164e-16
  },
  "sample_data": {
    "w": [
      5.269488389146252,
      5.269488389146252,
      5.269488389146252,
      5.269488389146252,
      5.269488389146252,
      5.269488389146252,
      5.269488389146252,
      5.269488389146252,
      5.269488389146252,
      5.269488389146252,
      5.269488389146252,
      5.269488389146252,
      5.269488389146252,
      5.269488389146252,
      5.269488389146252,
      5.269488389146252,
      5.269488389146252,
      5.269488389146252,
      5.269488389146252,
      5.269488389146252
    ],
    "s": [
      6.574338836547211,
      4.991907197420275,
      5.950294634299161,
      5.725266502092957,
      7.512690155905302,
      5.064012697531363,
      5.183116297143233,
      5.709541597247161,
      5.351734603709732,
      5.554930665346041,
      3.9708745296572308,
      3.6687463005609287,
      5.103180897329981,
      4.976489554971231,
      5.024978508221957,
      3.0119722038396786,
      6.600100041859452,
      5.420394272948164,
      5.264676131149277,
      3.477983877801691
    ],
    "theta": 5.269488389146252,
    "epsilon": null
  },
  "sample_participation": [
    true,
    false,
    false,
    true,
    false,
    true,
    true,
    true,
    false,
    true,
    false,
    false,
    true,
    true,
    true,
    true,
    false,
    true,
    true,
    false
  ],
  "sample_outcome": {
    "participation_rate": 0.6,
    "num_participants": 12,
    "consumer_surplus": 83.15022222911468,
    "producer_profit": 135.23606779006155,
    "intermediary_profit": -8.574016951614755,
    "social_welfare": 209.81227306756145,
    "gini_coefficient": 0.058144103786827106,
    "price_variance": 1.1832913578315177e-31,
    "price_discrimination_index": 8.881784197001252e-16,
    "acceptor_avg_utility": 4.559414098221123,
    "rejecter_avg_utility": 3.5546566313076506,
    "learning_quality_participants": 0.06849622265638589,
    "learning_quality_rejecters": 0.10125898383065035
  },
  "sample_detailed_results": {
    "prices": [
      2.6004960832449333,
      2.6004960832449333,
      2.6004960832449333,
      2.6004960832449333,
      2.6004960832449333,
      2.6004960832449333,
      2.6004960832449324,
      2.6004960832449333,
      2.6004960832449333,
      2.6004960832449333,
      2.6004960832449333,
      2.6004960832449333,
      2.6004960832449333,
      2.6004960832449333,
      2.6004960832449333,
      2.6004960832449333,
      2.6004960832449333,
      2.6004960832449324,
      2.6004960832449324,
      2.6004960832449333
    ],
    "quantities": [
      2.6004960832449333,
      2.585561442597104,
      2.6540176880884534,
      2.6004960832449333,
      2.765617368203177,
      2.6004960832449333,
      2.6004960832449324,
      2.6004960832449333,
      2.611263400189209,
      2.6004960832449333,
      2.5126305377568867,
      2.491049949964294,
      2.6004960832449333,
      2.6004960832449333,
      2.6004960832449333,
      2.6004960832449333,
      2.7004323600570457,
      2.6004960832449324,
      2.6004960832449324,
      2.4774240626243476
    ],
    "utilities": [
      4.559414098221122,
      3.5582796100043756,
      3.5616478448908984,
      4.559414098221122,
      3.5570917631478007,
      4.559414098221122,
      4.559414098221125,
      4.559414098221122,
      3.56009365120286,
      4.559414098221122,
      3.549535463211592,
      3.5459282234620093,
      4.559414098221122,
      4.559414098221122,
      4.559414098221122,
      4.559414098221122,
      3.561265725977562,
      4.559414098221125,
      4.559414098221125,
      3.543410768564107
    ],
    "mu_consumers": [
      5.200992166489867,
      5.186057525842037,
      5.254513771333387,
      5.200992166489867,
      5.36611345144811,
      5.200992166489867,
      5.200992166489865,
      5.200992166489867,
      5.211759483434142,
      5.200992166489867,
      5.11312662100182,
      5.0915460332092275,
      5.200992166489867,
      5.200992166489867,
      5.200992166489867,
      5.200992166489867,
      5.300928443301979,
      5.200992166489865,
      5.200992166489865,
      5.077920145869281
    ]
  },
  "outcome": {
    "participation_rate": 0.4625,
    "num_participants": 9,
    "consumer_surplus": 84.1486780310358,
    "producer_profit": 139.95738070921635,
    "intermediary_profit": -5.8240169516147535,
    "social_welfare": 218.2820417886374,
    "gini_coefficient": 0.069635885362111,
    "price_variance": 0.0,
    "price_discrimination_index": 3.6637359812630164e-16,
    "acceptor_avg_utility": 0.0,
    "rejecter_avg_utility": 0.0,
    "learning_quality_participants": 0.0,
    "learning_quality_rejecters": 0.0
  },
  "data": {
    "w": [
      5.269488389146252,
      5.269488389146252,
      5.269488389146252,
      5.269488389146252,
      5.269488389146252,
      5.269488389146252,
      5.269488389146252,
      5.269488389146252,
      5.269488389146252,
      5.269488389146252,
      5.269488389146252,
      5.269488389146252,
      5.269488389146252,
      5.269488389146252,
      5.269488389146252,
      5.269488389146252,
      5.269488389146252,
      5.269488389146252,
      5.269488389146252,
      5.269488389146252
    ],
    "s": [
      6.574338836547211,
      4.991907197420275,
      5.950294634299161,
      5.725266502092957,
      7.512690155905302,
      5.064012697531363,
      5.183116297143233,
      5.709541597247161,
      5.351734603709732,
      5.554930665346041,
      3.9708745296572308,
      3.6687463005609287,
      5.103180897329981,
      4.976489554971231,
      5.024978508221957,
      3.0119722038396786,
      6.600100041859452,
      5.420394272948164,
      5.264676131149277,
      3.477983877801691
    ],
    "theta": 5.269488389146252,
    "epsilon": null
  },
  "rational_participation": [
    true,
    false,
    false,
    true,
    false,
    true,
    true,
    true,
    false,
    true,
    false,
    false,
    true,
    true,
    true,
    true,
    false,
    true,
    true,
    false
  ]
}