{
  "params": {
    "n": 10,
    "Sigma": [
      [
        1.0,
        0.9,
        0.9,
        0.9,
        0.9,
        0.9,
        0.9,
        0.9,
        0.9,
        0.9
      ],
      [
        0.9,
        1.0,
        0.9,
        0.9,
        0.9,
        0.9,
        0.9,
        0.9,
        0.9,
        0.9
      ],
      [
        0.9,
        0.9,
        1.0,
        0.9,
        0.9,
        0.9,
        0.9,
        0.9,
        0.9,
        0.9
      ],
      [
        0.9,
        0.9,
        0.9,
        1.0,
        0.9,
        0.9,
        0.9,
        0.9,
        0.9,
        0.9
      ],
      [
        0.9,
        0.9,
        0.9,
        0.9,
        1.0,
        0.9,
        0.9,
        0.9,
        0.9,
        0.9
      ],
      [
        0.9,
        0.9,
        0.9,
        0.9,
        0.9,
        1.0,
        0.9,
        0.9,
        0.9,
        0.9
      ],
      [
        0.9,
        0.9,
        0.9,
        0.9,
        0.9,
        0.9,
        1.0,
        0.9,
        0.9,
        0.9
      ],
      [
        0.9,
        0.9,
        0.9,
        0.9,
        0.9,
        0.9,
        0.9,
        1.0,
        0.9,
        0.9
      ],
      [
        0.9,
        0.9,
        0.9,
        0.9,
        0.9,
        0.9,
        0.9,
        0.9,
        1.0,
        0.9
      ],
      [
        0.9,
        0.9,
        0.9,
        0.9,
        0.9,
        0.9,
        0.9,
        0.9,
        0.9,
        1.0
      ]
    ],
    "sigma_noise_sq": 0.1,
    "alpha": 1.0,
    "v": [
      0.6,
      0.6333333333333333,
      0.6666666666666666,
      0.7,
      0.7333333333333334,
      0.7666666666666666,
      0.8,
      0.8333333333333334,
      0.8666666666666667,
      0.9
    ],
    "rho": 0.9,
    "seed": 42
  },
  "gt_numeric": {
    "eq_share_set": [
      0,
      1,
      2,
      3,
      4,
      5,
      6,
      7,
      8,
      9
    ],
    "eq_prices": [
      0.04007826558407543,
      0.04230478033874621,
      0.044531295093417064,
      0.04675780984808792,
      0.0489843246027587,
      0.05121083935742954,
      0.05343735411210049,
      0.05566386886677134,
      0.05789038362144219,
      0.060116898376113045
    ],
    "eq_profit": 8.950111136720796,
    "eq_W": 2.3627717391304337,
    "eq_total_leakage": 9.451086956521738,
    "solver_mode": "exact",
    "diagnostics": {
      "min_margin_in": 1.000000000001e-06,
      "max_margin_out": null
    }
  },
  "gt_labels": {
    "leakage_bucket": "high",
    "over_sharing": 0,
    "share_rate": 1.0
  },
  "metadata": {
    "generated_by": "scripts/generate_sensitivity_b_gt.py",
    "sensitivity_params": {
      "rho": 0.9,
      "v_min": 0.6,
      "v_max": 0.9
    }
  }
}