{
  "params": {
    "n": 10,
    "Sigma": [
      [
        1.0,
        0.6,
        0.6,
        0.6,
        0.6,
        0.6,
        0.6,
        0.6,
        0.6,
        0.6
      ],
      [
        0.6,
        1.0,
        0.6,
        0.6,
        0.6,
        0.6,
        0.6,
        0.6,
        0.6,
        0.6
      ],
      [
        0.6,
        0.6,
        1.0,
        0.6,
        0.6,
        0.6,
        0.6,
        0.6,
        0.6,
        0.6
      ],
      [
        0.6,
        0.6,
        0.6,
        1.0,
        0.6,
        0.6,
        0.6,
        0.6,
        0.6,
        0.6
      ],
      [
        0.6,
        0.6,
        0.6,
        0.6,
        1.0,
        0.6,
        0.6,
        0.6,
        0.6,
        0.6
      ],
      [
        0.6,
        0.6,
        0.6,
        0.6,
        0.6,
        1.0,
        0.6,
        0.6,
        0.6,
        0.6
      ],
      [
        0.6,
        0.6,
        0.6,
        0.6,
        0.6,
        0.6,
        1.0,
        0.6,
        0.6,
        0.6
      ],
      [
        0.6,
        0.6,
        0.6,
        0.6,
        0.6,
        0.6,
        0.6,
        1.0,
        0.6,
        0.6
      ],
      [
        0.6,
        0.6,
        0.6,
        0.6,
        0.6,
        0.6,
        0.6,
        0.6,
        1.0,
        0.6
      ],
      [
        0.6,
        0.6,
        0.6,
        0.6,
        0.6,
        0.6,
        0.6,
        0.6,
        0.6,
        1.0
      ]
    ],
    "sigma_noise_sq": 0.1,
    "alpha": 1.0,
    "v": [
      0.3,
      0.3333333333333333,
      0.36666666666666664,
      0.4,
      0.43333333333333335,
      0.4666666666666667,
      0.5,
      0.5333333333333333,
      0.5666666666666667,
      0.6
    ],
    "rho": 0.6,
    "seed": 42
  },
  "gt_numeric": {
    "eq_share_set": [
      0,
      1,
      2,
      3,
      4,
      5,
      6,
      7,
      8,
      9
    ],
    "eq_prices": [
      0.11070139113428945,
      0.12300143459365495,
      0.1353014780530205,
      0.14760152151238598,
      0.15990156497175148,
      0.17220160843111698,
      0.18450165189048237,
      0.19680169534984793,
      0.2091017388092133,
      0.22140178226857876
    ],
    "eq_profit": 7.521022594524119,
    "eq_W": 5.049846153846153,
    "eq_total_leakage": 9.18153846153846,
    "solver_mode": "exact",
    "diagnostics": {
      "min_margin_in": 1.000000000001e-06,
      "max_margin_out": null
    }
  },
  "gt_labels": {
    "leakage_bucket": "high",
    "over_sharing": 0,
    "share_rate": 1.0
  },
  "metadata": {
    "generated_by": "scripts/generate_sensitivity_b_gt.py",
    "sensitivity_params": {
      "rho": 0.6,
      "v_min": 0.3,
      "v_max": 0.6
    }
  }
}