{
  "params": {
    "n": 10,
    "Sigma": [
      [
        1.0,
        0.9,
        0.9,
        0.9,
        0.9,
        0.9,
        0.9,
        0.9,
        0.9,
        0.9
      ],
      [
        0.9,
        1.0,
        0.9,
        0.9,
        0.9,
        0.9,
        0.9,
        0.9,
        0.9,
        0.9
      ],
      [
        0.9,
        0.9,
        1.0,
        0.9,
        0.9,
        0.9,
        0.9,
        0.9,
        0.9,
        0.9
      ],
      [
        0.9,
        0.9,
        0.9,
        1.0,
        0.9,
        0.9,
        0.9,
        0.9,
        0.9,
        0.9
      ],
      [
        0.9,
        0.9,
        0.9,
        0.9,
        1.0,
        0.9,
        0.9,
        0.9,
        0.9,
        0.9
      ],
      [
        0.9,
        0.9,
        0.9,
        0.9,
        0.9,
        1.0,
        0.9,
        0.9,
        0.9,
        0.9
      ],
      [
        0.9,
        0.9,
        0.9,
        0.9,
        0.9,
        0.9,
        1.0,
        0.9,
        0.9,
        0.9
      ],
      [
        0.9,
        0.9,
        0.9,
        0.9,
        0.9,
        0.9,
        0.9,
        1.0,
        0.9,
        0.9
      ],
      [
        0.9,
        0.9,
        0.9,
        0.9,
        0.9,
        0.9,
        0.9,
        0.9,
        1.0,
        0.9
      ],
      [
        0.9,
        0.9,
        0.9,
        0.9,
        0.9,
        0.9,
        0.9,
        0.9,
        0.9,
        1.0
      ]
    ],
    "sigma_noise_sq": 0.1,
    "alpha": 1.0,
    "v": [
      0.3,
      0.3333333333333333,
      0.36666666666666664,
      0.4,
      0.43333333333333335,
      0.4666666666666667,
      0.5,
      0.5333333333333333,
      0.5666666666666667,
      0.6
    ],
    "rho": 0.9,
    "seed": 42
  },
  "gt_numeric": {
    "eq_share_set": [
      0,
      1,
      2,
      3,
      4,
      5,
      6,
      7,
      8,
      9
    ],
    "eq_prices": [
      0.020039632792037715,
      0.022266147546708533,
      0.024492662301379385,
      0.026719177056050245,
      0.02894569181072105,
      0.031172206565391897,
      0.0333987213200628,
      0.035625236074733654,
      0.03785175082940451,
      0.04007826558407536
    ],
    "eq_profit": 9.150497464641173,
    "eq_W": 5.198097826086956,
    "eq_total_leakage": 9.451086956521738,
    "solver_mode": "exact",
    "diagnostics": {
      "min_margin_in": 1.000000000001e-06,
      "max_margin_out": null
    }
  },
  "gt_labels": {
    "leakage_bucket": "high",
    "over_sharing": 0,
    "share_rate": 1.0
  },
  "metadata": {
    "generated_by": "scripts/generate_sensitivity_b_gt.py",
    "sensitivity_params": {
      "rho": 0.9,
      "v_min": 0.3,
      "v_max": 0.6
    }
  }
}