{
  "params": {
    "n": 10,
    "Sigma": [
      [
        1.0,
        0.3,
        0.3,
        0.3,
        0.3,
        0.3,
        0.3,
        0.3,
        0.3,
        0.3
      ],
      [
        0.3,
        1.0,
        0.3,
        0.3,
        0.3,
        0.3,
        0.3,
        0.3,
        0.3,
        0.3
      ],
      [
        0.3,
        0.3,
        1.0,
        0.3,
        0.3,
        0.3,
        0.3,
        0.3,
        0.3,
        0.3
      ],
      [
        0.3,
        0.3,
        0.3,
        1.0,
        0.3,
        0.3,
        0.3,
        0.3,
        0.3,
        0.3
      ],
      [
        0.3,
        0.3,
        0.3,
        0.3,
        1.0,
        0.3,
        0.3,
        0.3,
        0.3,
        0.3
      ],
      [
        0.3,
        0.3,
        0.3,
        0.3,
        0.3,
        1.0,
        0.3,
        0.3,
        0.3,
        0.3
      ],
      [
        0.3,
        0.3,
        0.3,
        0.3,
        0.3,
        0.3,
        1.0,
        0.3,
        0.3,
        0.3
      ],
      [
        0.3,
        0.3,
        0.3,
        0.3,
        0.3,
        0.3,
        0.3,
        1.0,
        0.3,
        0.3
      ],
      [
        0.3,
        0.3,
        0.3,
        0.3,
        0.3,
        0.3,
        0.3,
        0.3,
        1.0,
        0.3
      ],
      [
        0.3,
        0.3,
        0.3,
        0.3,
        0.3,
        0.3,
        0.3,
        0.3,
        0.3,
        1.0
      ]
    ],
    "sigma_noise_sq": 0.1,
    "alpha": 1.0,
    "v": [
      0.6,
      0.6333333333333333,
      0.6666666666666666,
      0.7,
      0.7333333333333334,
      0.7666666666666666,
      0.8,
      0.8333333333333334,
      0.8666666666666667,
      0.9
    ],
    "rho": 0.3,
    "seed": 42
  },
  "gt_numeric": {
    "eq_share_set": [
      0,
      1,
      2,
      3,
      4,
      5,
      6,
      7,
      8,
      9
    ],
    "eq_prices": [
      0.40805175187969916,
      0.43072123809523793,
      0.4533907243107767,
      0.4760602105263158,
      0.4987296967418545,
      0.5213991829573933,
      0.5440686691729325,
      0.5667381553884713,
      0.58940764160401,
      0.6120771278195488
    ],
    "eq_profit": 4.014487180451128,
    "eq_W": 2.2787828947368425,
    "eq_total_leakage": 9.115131578947368,
    "solver_mode": "exact",
    "diagnostics": {
      "min_margin_in": 9.999999999732445e-07,
      "max_margin_out": null
    }
  },
  "gt_labels": {
    "leakage_bucket": "high",
    "over_sharing": 0,
    "share_rate": 1.0
  },
  "metadata": {
    "generated_by": "scripts/generate_sensitivity_b_gt.py",
    "sensitivity_params": {
      "rho": 0.3,
      "v_min": 0.6,
      "v_max": 0.9
    }
  }
}