{
  "params": {
    "n": 10,
    "Sigma": [
      [
        1.0,
        0.6,
        0.6,
        0.6,
        0.6,
        0.6,
        0.6,
        0.6,
        0.6,
        0.6
      ],
      [
        0.6,
        1.0,
        0.6,
        0.6,
        0.6,
        0.6,
        0.6,
        0.6,
        0.6,
        0.6
      ],
      [
        0.6,
        0.6,
        1.0,
        0.6,
        0.6,
        0.6,
        0.6,
        0.6,
        0.6,
        0.6
      ],
      [
        0.6,
        0.6,
        0.6,
        1.0,
        0.6,
        0.6,
        0.6,
        0.6,
        0.6,
        0.6
      ],
      [
        0.6,
        0.6,
        0.6,
        0.6,
        1.0,
        0.6,
        0.6,
        0.6,
        0.6,
        0.6
      ],
      [
        0.6,
        0.6,
        0.6,
        0.6,
        0.6,
        1.0,
        0.6,
        0.6,
        0.6,
        0.6
      ],
      [
        0.6,
        0.6,
        0.6,
        0.6,
        0.6,
        0.6,
        1.0,
        0.6,
        0.6,
        0.6
      ],
      [
        0.6,
        0.6,
        0.6,
        0.6,
        0.6,
        0.6,
        0.6,
        1.0,
        0.6,
        0.6
      ],
      [
        0.6,
        0.6,
        0.6,
        0.6,
        0.6,
        0.6,
        0.6,
        0.6,
        1.0,
        0.6
      ],
      [
        0.6,
        0.6,
        0.6,
        0.6,
        0.6,
        0.6,
        0.6,
        0.6,
        0.6,
        1.0
      ]
    ],
    "sigma_noise_sq": 0.1,
    "alpha": 1.0,
    "v": [
      0.6,
      0.6333333333333333,
      0.6666666666666666,
      0.7,
      0.7333333333333334,
      0.7666666666666666,
      0.8,
      0.8333333333333334,
      0.8666666666666667,
      0.9
    ],
    "rho": 0.6,
    "seed": 42
  },
  "gt_numeric": {
    "eq_share_set": [
      0,
      1,
      2,
      3,
      4,
      5,
      6,
      7,
      8,
      9
    ],
    "eq_prices": [
      0.2214017822685789,
      0.2337018257279444,
      0.24600186918731004,
      0.25830191264667546,
      0.270601956106041,
      0.2829019995654064,
      0.29520204302477177,
      0.30750208648413735,
      0.31980212994350266,
      0.33210217340286813
    ],
    "eq_profit": 6.414018683181224,
    "eq_W": 2.2953846153846147,
    "eq_total_leakage": 9.18153846153846,
    "solver_mode": "exact",
    "diagnostics": {
      "min_margin_in": 9.999999999732445e-07,
      "max_margin_out": null
    }
  },
  "gt_labels": {
    "leakage_bucket": "high",
    "over_sharing": 0,
    "share_rate": 1.0
  },
  "metadata": {
    "generated_by": "scripts/generate_sensitivity_b_gt.py",
    "sensitivity_params": {
      "rho": 0.6,
      "v_min": 0.6,
      "v_max": 0.9
    }
  }
}