{
  "params": {
    "n": 10,
    "Sigma": [
      [
        1.0,
        0.6,
        0.6,
        0.6,
        0.6,
        0.6,
        0.6,
        0.6,
        0.6,
        0.6
      ],
      [
        0.6,
        1.0,
        0.6,
        0.6,
        0.6,
        0.6,
        0.6,
        0.6,
        0.6,
        0.6
      ],
      [
        0.6,
        0.6,
        1.0,
        0.6,
        0.6,
        0.6,
        0.6,
        0.6,
        0.6,
        0.6
      ],
      [
        0.6,
        0.6,
        0.6,
        1.0,
        0.6,
        0.6,
        0.6,
        0.6,
        0.6,
        0.6
      ],
      [
        0.6,
        0.6,
        0.6,
        0.6,
        1.0,
        0.6,
        0.6,
        0.6,
        0.6,
        0.6
      ],
      [
        0.6,
        0.6,
        0.6,
        0.6,
        0.6,
        1.0,
        0.6,
        0.6,
        0.6,
        0.6
      ],
      [
        0.6,
        0.6,
        0.6,
        0.6,
        0.6,
        0.6,
        1.0,
        0.6,
        0.6,
        0.6
      ],
      [
        0.6,
        0.6,
        0.6,
        0.6,
        0.6,
        0.6,
        0.6,
        1.0,
        0.6,
        0.6
      ],
      [
        0.6,
        0.6,
        0.6,
        0.6,
        0.6,
        0.6,
        0.6,
        0.6,
        1.0,
        0.6
      ],
      [
        0.6,
        0.6,
        0.6,
        0.6,
        0.6,
        0.6,
        0.6,
        0.6,
        0.6,
        1.0
      ]
    ],
    "sigma_noise_sq": 0.1,
    "alpha": 1.0,
    "v": [
      0.9,
      0.9333333333333333,
      0.9666666666666667,
      1.0,
      1.0333333333333332,
      1.0666666666666667,
      1.1,
      1.1333333333333333,
      1.1666666666666665,
      1.2
    ],
    "rho": 0.6,
    "seed": 42
  },
  "gt_numeric": {
    "eq_share_set": [
      0,
      1,
      2,
      3,
      4,
      5,
      6,
      7,
      8
    ],
    "eq_prices": [
      0.337113887751839,
      0.3495995502611667,
      0.3620852127704938,
      0.37457087527982097,
      0.3870565377891483,
      0.3995422002984757,
      0.41202786280780296,
      0.4245135253171303,
      0.43699918782645747,
      0.0
    ],
    "eq_profit": 5.327338617524784,
    "eq_W": -0.38522033898304997,
    "eq_total_leakage": 8.81084745762712,
    "solver_mode": "exact",
    "diagnostics": {
      "min_margin_in": 9.999999999732445e-07,
      "max_margin_out": -0.4428015645371575
    }
  },
  "gt_labels": {
    "leakage_bucket": "high",
    "over_sharing": 0,
    "share_rate": 0.9
  },
  "metadata": {
    "generated_by": "scripts/generate_sensitivity_b_gt.py",
    "sensitivity_params": {
      "rho": 0.6,
      "v_min": 0.9,
      "v_max": 1.2
    }
  }
}