{
  "params": {
    "n": 10,
    "Sigma": [
      [
        1.0,
        0.3,
        0.3,
        0.3,
        0.3,
        0.3,
        0.3,
        0.3,
        0.3,
        0.3
      ],
      [
        0.3,
        1.0,
        0.3,
        0.3,
        0.3,
        0.3,
        0.3,
        0.3,
        0.3,
        0.3
      ],
      [
        0.3,
        0.3,
        1.0,
        0.3,
        0.3,
        0.3,
        0.3,
        0.3,
        0.3,
        0.3
      ],
      [
        0.3,
        0.3,
        0.3,
        1.0,
        0.3,
        0.3,
        0.3,
        0.3,
        0.3,
        0.3
      ],
      [
        0.3,
        0.3,
        0.3,
        0.3,
        1.0,
        0.3,
        0.3,
        0.3,
        0.3,
        0.3
      ],
      [
        0.3,
        0.3,
        0.3,
        0.3,
        0.3,
        1.0,
        0.3,
        0.3,
        0.3,
        0.3
      ],
      [
        0.3,
        0.3,
        0.3,
        0.3,
        0.3,
        0.3,
        1.0,
        0.3,
        0.3,
        0.3
      ],
      [
        0.3,
        0.3,
        0.3,
        0.3,
        0.3,
        0.3,
        0.3,
        1.0,
        0.3,
        0.3
      ],
      [
        0.3,
        0.3,
        0.3,
        0.3,
        0.3,
        0.3,
        0.3,
        0.3,
        1.0,
        0.3
      ],
      [
        0.3,
        0.3,
        0.3,
        0.3,
        0.3,
        0.3,
        0.3,
        0.3,
        0.3,
        1.0
      ]
    ],
    "sigma_noise_sq": 0.1,
    "alpha": 1.0,
    "v": [
      0.9,
      0.9333333333333333,
      0.9666666666666667,
      1.0,
      1.0333333333333332,
      1.0666666666666667,
      1.1,
      1.1333333333333333,
      1.1666666666666665,
      1.2
    ],
    "rho": 0.3,
    "seed": 42
  },
  "gt_numeric": {
    "eq_share_set": [
      0,
      1,
      2,
      3,
      4,
      5,
      6
    ],
    "eq_prices": [
      0.6331641299734748,
      0.6566146162687886,
      0.6800651025641027,
      0.7035155888594167,
      0.7269660751547301,
      0.7504165614500442,
      0.7738670477453583,
      0.0,
      0.0,
      0.0
    ],
    "eq_profit": 2.1055632917771874,
    "eq_W": -0.10862068965517224,
    "eq_total_leakage": 7.030172413793103,
    "solver_mode": "exact",
    "diagnostics": {
      "min_margin_in": 1.0000000000287557e-06,
      "max_margin_out": -0.7866316451149425
    }
  },
  "gt_labels": {
    "leakage_bucket": "high",
    "over_sharing": 0,
    "share_rate": 0.7
  },
  "metadata": {
    "generated_by": "scripts/generate_sensitivity_b_gt.py",
    "sensitivity_params": {
      "rho": 0.3,
      "v_min": 0.9,
      "v_max": 1.2
    }
  }
}