{
  "params": {
    "n": 10,
    "Sigma": [
      [
        1.0,
        0.3,
        0.3,
        0.3,
        0.3,
        0.3,
        0.3,
        0.3,
        0.3,
        0.3
      ],
      [
        0.3,
        1.0,
        0.3,
        0.3,
        0.3,
        0.3,
        0.3,
        0.3,
        0.3,
        0.3
      ],
      [
        0.3,
        0.3,
        1.0,
        0.3,
        0.3,
        0.3,
        0.3,
        0.3,
        0.3,
        0.3
      ],
      [
        0.3,
        0.3,
        0.3,
        1.0,
        0.3,
        0.3,
        0.3,
        0.3,
        0.3,
        0.3
      ],
      [
        0.3,
        0.3,
        0.3,
        0.3,
        1.0,
        0.3,
        0.3,
        0.3,
        0.3,
        0.3
      ],
      [
        0.3,
        0.3,
        0.3,
        0.3,
        0.3,
        1.0,
        0.3,
        0.3,
        0.3,
        0.3
      ],
      [
        0.3,
        0.3,
        0.3,
        0.3,
        0.3,
        0.3,
        1.0,
        0.3,
        0.3,
        0.3
      ],
      [
        0.3,
        0.3,
        0.3,
        0.3,
        0.3,
        0.3,
        0.3,
        1.0,
        0.3,
        0.3
      ],
      [
        0.3,
        0.3,
        0.3,
        0.3,
        0.3,
        0.3,
        0.3,
        0.3,
        1.0,
        0.3
      ],
      [
        0.3,
        0.3,
        0.3,
        0.3,
        0.3,
        0.3,
        0.3,
        0.3,
        0.3,
        1.0
      ]
    ],
    "sigma_noise_sq": 0.1,
    "alpha": 1.0,
    "v": [
      0.3,
      0.3333333333333333,
      0.36666666666666664,
      0.4,
      0.43333333333333335,
      0.4666666666666667,
      0.5,
      0.5333333333333333,
      0.5666666666666667,
      0.6
    ],
    "rho": 0.3,
    "seed": 42
  },
  "gt_numeric": {
    "eq_share_set": [
      0,
      1,
      2,
      3,
      4,
      5,
      6,
      7,
      8,
      9
    ],
    "eq_prices": [
      0.2040263759398496,
      0.2266958621553884,
      0.2493653483709272,
      0.2720348345864662,
      0.2947043208020049,
      0.31737380701754375,
      0.34004329323308274,
      0.3627127794486215,
      0.3853822656641603,
      0.40805175187969916
    ],
    "eq_profit": 6.054740939849625,
    "eq_W": 5.013322368421053,
    "eq_total_leakage": 9.115131578947368,
    "solver_mode": "exact",
    "diagnostics": {
      "min_margin_in": 9.999999999732445e-07,
      "max_margin_out": null
    }
  },
  "gt_labels": {
    "leakage_bucket": "high",
    "over_sharing": 0,
    "share_rate": 1.0
  },
  "metadata": {
    "generated_by": "scripts/generate_sensitivity_b_gt.py",
    "sensitivity_params": {
      "rho": 0.3,
      "v_min": 0.3,
      "v_max": 0.6
    }
  }
}