{
  "params": {
    "n": 10,
    "Sigma": [
      [
        1.0,
        0.9,
        0.9,
        0.9,
        0.9,
        0.9,
        0.9,
        0.9,
        0.9,
        0.9
      ],
      [
        0.9,
        1.0,
        0.9,
        0.9,
        0.9,
        0.9,
        0.9,
        0.9,
        0.9,
        0.9
      ],
      [
        0.9,
        0.9,
        1.0,
        0.9,
        0.9,
        0.9,
        0.9,
        0.9,
        0.9,
        0.9
      ],
      [
        0.9,
        0.9,
        0.9,
        1.0,
        0.9,
        0.9,
        0.9,
        0.9,
        0.9,
        0.9
      ],
      [
        0.9,
        0.9,
        0.9,
        0.9,
        1.0,
        0.9,
        0.9,
        0.9,
        0.9,
        0.9
      ],
      [
        0.9,
        0.9,
        0.9,
        0.9,
        0.9,
        1.0,
        0.9,
        0.9,
        0.9,
        0.9
      ],
      [
        0.9,
        0.9,
        0.9,
        0.9,
        0.9,
        0.9,
        1.0,
        0.9,
        0.9,
        0.9
      ],
      [
        0.9,
        0.9,
        0.9,
        0.9,
        0.9,
        0.9,
        0.9,
        1.0,
        0.9,
        0.9
      ],
      [
        0.9,
        0.9,
        0.9,
        0.9,
        0.9,
        0.9,
        0.9,
        0.9,
        1.0,
        0.9
      ],
      [
        0.9,
        0.9,
        0.9,
        0.9,
        0.9,
        0.9,
        0.9,
        0.9,
        0.9,
        1.0
      ]
    ],
    "sigma_noise_sq": 0.1,
    "alpha": 1.0,
    "v": [
      0.9,
      0.9333333333333333,
      0.9666666666666667,
      1.0,
      1.0333333333333332,
      1.0666666666666667,
      1.1,
      1.1333333333333333,
      1.1666666666666665,
      1.2
    ],
    "rho": 0.9,
    "seed": 42
  },
  "gt_numeric": {
    "eq_share_set": [
      0,
      1,
      2,
      3,
      4,
      5,
      6,
      7,
      8,
      9
    ],
    "eq_prices": [
      0.06011689837611314,
      0.0623434131307839,
      0.06456992788545475,
      0.0667964426401256,
      0.06902295739479633,
      0.0712494721494672,
      0.07347598690413817,
      0.07570250165880901,
      0.07792901641347987,
      0.08015553116815072
    ],
    "eq_profit": 8.74972480880042,
    "eq_W": -0.47255434782608674,
    "eq_total_leakage": 9.451086956521738,
    "solver_mode": "exact",
    "diagnostics": {
      "min_margin_in": 1.000000000001e-06,
      "max_margin_out": null
    }
  },
  "gt_labels": {
    "leakage_bucket": "high",
    "over_sharing": 0,
    "share_rate": 1.0
  },
  "metadata": {
    "generated_by": "scripts/generate_sensitivity_b_gt.py",
    "sensitivity_params": {
      "rho": 0.9,
      "v_min": 0.9,
      "v_max": 1.2
    }
  }
}