{
  "timestamp": "20260205_215322",
  "model_name": "deepseek-v3.2",
  "data_file": "sensitivity_results/scenario_b/summary_all_results_deepseek-v3.2.json",
  "total_samples": 27,
  "overall_eas": -0.9297123357916108,
  "parameter_eas": {
    "rho": {
      "elasticities_llm": [
        -0.05555555555555559,
        -0.1111111111111111,
        -0.49999999999999983
      ],
      "elasticities_bne": [
        0.0,
        0.0,
        0.49999999999999983
      ],
      "eas_score": -0.993399267798783,
      "pearson_corr": -0.993399267798783,
      "pearson_p": 0.0731863950403274,
      "spearman_corr": -0.8660254037844387,
      "spearman_p": 0.3333333333333332,
      "rmse": 0.5817880767557408,
      "direction_consistency": 0.0,
      "mean_elasticity_llm": -0.22222222222222218,
      "mean_elasticity_bne": 0.1666666666666666
    },
    "v_mean": {
      "elasticities_llm": [
        -0.5833333333333333,
        -0.4722222222222221,
        -1.0277777777777775
      ],
      "elasticities_bne": [
        -0.5833333333333333,
        -0.41666666666666674,
        -0.0833333333333334
      ],
      "eas_score": -0.8660254037844386,
      "pearson_corr": -0.8660254037844386,
      "pearson_p": 0.33333333333333337,
      "spearman_corr": -0.5,
      "spearman_p": 0.6666666666666667,
      "rmse": 0.5462178223612081,
      "direction_consistency": 1.0,
      "mean_elasticity_llm": -0.6944444444444443,
      "mean_elasticity_bne": -0.36111111111111116
    }
  }
}