Config,Intermediary,Consumers,m,Anonymization,Participation Rate,Social Welfare,Consumer Surplus,Producer Profit,Intermediary Profit,Welfare Loss (%)
A (Theory),Rational,Rational,0.7000000000000001,identified,0.06538230128851415,210.25077967436255,76.55102813585835,131.18265041936823,1.6071011191359812,0.0
B,Rational,LLM,0.7000000000000001,identified,0.15,215.3131785574657,67.26588588579425,147.63019155253548,0.41710111913598125,-2.407790777729255
C,LLM,Rational,0.7,anonymized,0.06538230128851415,209.77733499057302,76.55102813585837,131.18265041936823,1.1721564353464062,0.2251809408377923
D,LLM,LLM,1.2,anonymized,0.45,219.94268381194058,73.88548821112362,153.03106803088193,-6.9738724300649455,-4.609687608573392
