Config,Intermediary,Consumers,m,Anonymization,Participation Rate,Social Welfare,Consumer Surplus,Producer Profit,Intermediary Profit,Intermediary Profit Loss (%),Individual Accuracy,TP,TN,FP,FN,Consumer Surplus Gap,Gini Consumer Surplus
A (Theory),Rational,Rational,0.0,anonymized,0.0011384444225298138,185.7577926812196,66.20165095266691,119.55513864100053,0.001003087552156856,0.0,,,,,,,
B,Rational,LLM,0.0,anonymized,0.0,185.7577926812196,66.20165095266691,119.55513864100053,0.001003087552156856,0.0,1.0,0.0,20.0,0.0,0.0,0.0,0.3105620612861688
C,LLM,Rational,0.40000000000000013,anonymized,0.027356685856414254,185.75678959366743,66.20165095266691,119.55513864100053,-0.23200000000000007,23228.589274301103,,,,,,,
D,LLM,LLM,0.9,anonymized,0.05,167.620707112701,62.84428951326064,105.67641759944037,-0.9,89822.97563306459,0.65,1.0,12.0,0.0,7.0,-10.6862471000453,0.3359895119840888
