Config,Intermediary,Consumers,m,Anonymization,Participation Rate,Social Welfare,Consumer Surplus,Producer Profit,Intermediary Profit,Intermediary Profit Loss (%),Individual Accuracy,TP,TN,FP,FN,Consumer Surplus Gap,Gini Consumer Surplus
A (Theory),Rational,Rational,0.0,anonymized,0.0011384444225298138,185.7577926812196,66.20165095266691,119.55513864100053,0.001003087552156856,0.0,,,,,,,
B,Rational,LLM,0.0,anonymized,0.0,185.7577926812196,66.20165095266691,119.55513864100053,0.001003087552156856,0.0,1.0,0.0,20.0,0.0,0.0,0.0,0.3105620612861688
C,LLM,Rational,0.30000000000000016,anonymized,0.016229678016462537,185.75678959366743,66.20165095266691,119.55513864100053,-0.10200000000000006,10268.603905080661,,,,,,,
D,LLM,LLM,0.20000000000000012,anonymized,0.05,190.28043225726097,68.90172819347664,121.57870406378431,-0.20000000000000012,20038.439029569923,0.9,0.0,18.0,1.0,1.0,2.7000772408097333,0.3227627127322992
