Config,Intermediary,Consumers,m,Anonymization,Participation Rate,Social Welfare,Consumer Surplus,Producer Profit,Intermediary Profit,Intermediary Profit Loss (%),Individual Accuracy,TP,TN,FP,FN,Consumer Surplus Gap,Gini Consumer Surplus
A (Theory),Rational,Rational,0.0,anonymized,0.0011384444225298138,185.7577926812196,66.20165095266691,119.55513864100053,0.001003087552156856,0.0,,,,,,,
B,Rational,LLM,0.0,anonymized,0.0,185.7577926812196,66.20165095266691,119.55513864100053,0.001003087552156856,0.0,1.0,0.0,20.0,0.0,0.0,0.0,0.3105620612861688
C,LLM,Rational,0.10000000000000003,anonymized,0.0033823885885025246,185.75678959366743,66.20165095266691,119.55513864100053,-0.006500000000000002,747.9992684610224,,,,,,,
D,LLM,LLM,0.2,anonymized,0.0,185.75678959366743,66.20165095266691,119.55513864100053,0.0,100.0,0.95,0.0,19.0,0.0,1.0,0.0,0.3105620612861688
