Config,Intermediary,Consumers,m,Anonymization,Participation Rate,Social Welfare,Consumer Surplus,Producer Profit,Intermediary Profit,Intermediary Profit Loss (%),Individual Accuracy,TP,TN,FP,FN,Consumer Surplus Gap,Gini Consumer Surplus
A (Theory),Rational,Rational,0.0,anonymized,0.0011384444225298138,185.7577926812196,66.20165095266691,119.55513864100053,0.001003087552156856,0.0,,,,,,,
B,Rational,LLM,0.0,anonymized,0.0,185.7577926812196,66.20165095266691,119.55513864100053,0.001003087552156856,0.0,1.0,0.0,20.0,0.0,0.0,0.0,0.3105620612861688
C,LLM,Rational,0.0,identified,0.00395761879851182,185.7567895936674,66.2016509526669,119.55513864100053,0.0,100.0,,,,,,,
D,LLM,LLM,0.6,anonymized,0.05,167.620707112701,62.544289513260644,105.67641759944037,-0.6,59915.31708870973,0.9,0.0,18.0,1.0,1.0,-3.657361439406266,0.3332436496172886
