Config,Intermediary,Consumers,m,Anonymization,Participation Rate,Social Welfare,Consumer Surplus,Producer Profit,Intermediary Profit,Intermediary Profit Loss (%),Individual Accuracy,TP,TN,FP,FN,Consumer Surplus Gap,Gini Consumer Surplus
A (Theory),Rational,Rational,0.7000000000000001,identified,0.06538230128851415,210.25077967436255,76.55102813585835,131.18265041936823,1.6071011191359812,0.0,,,,,,,
B,Rational,LLM,0.7000000000000001,identified,0.0,210.25077967436255,76.55102813585835,131.18265041936823,2.5171011191359813,-56.62369275738166,0.95,0.0,19.0,0.0,1.0,0.0,0.017643694111231012
C,LLM,Rational,0.7,anonymized,0.06538230128851415,209.77733499057302,76.55102813585837,131.18265041936823,1.1721564353464062,27.06392762786528,,,,,,,
D,LLM,LLM,1.1,identified,0.1,218.65204843229063,59.37560725421443,158.23830524048321,1.038135937592986,35.4031973948774,0.5,2.0,8.0,0.0,10.0,-25.225489709214997,0.041426484275410846
