Config,Intermediary,Consumers,m,Anonymization,Participation Rate,Social Welfare,Consumer Surplus,Producer Profit,Intermediary Profit,Intermediary Profit Loss (%),Individual Accuracy,TP,TN,FP,FN,Consumer Surplus Gap,Gini Consumer Surplus
A (Theory),Rational,Rational,0.7000000000000001,identified,0.06538230128851415,210.25077967436255,76.55102813585835,131.18265041936823,1.6071011191359812,0.0,,,,,,,
B,Rational,LLM,0.7000000000000001,identified,0.25,217.82475058392154,66.26426587791366,152.5433835868719,-0.9828988808640191,161.15974092485547,0.8,1.0,15.0,4.0,0.0,-10.286762257944687,0.04157094806066142
C,LLM,Rational,0.6000000000000001,identified,0.03424390602811047,209.4440290893279,76.55102813585835,131.18265041936823,1.3113505341013418,18.402736549249774,,,,,,,
D,LLM,LLM,0.65,anonymized,0.1,213.1559713947654,71.40247865395204,139.45034181638982,2.303150924423532,-43.310890459821536,0.85,0.0,17.0,2.0,1.0,-5.148549481906329,0.019960509283162953
