Config,Intermediary,Consumers,m,Anonymization,Participation Rate,Social Welfare,Consumer Surplus,Producer Profit,Intermediary Profit,Welfare Loss (%)
A (Theory),Rational,Rational,0.7000000000000001,identified,0.06538230128851415,210.25077967436255,76.55102813585835,131.18265041936823,1.6071011191359812,0.0
B,Rational,LLM,0.7000000000000001,identified,0.15,215.3131785574657,67.26588588579425,147.63019155253548,0.41710111913598125,-2.407790777729255
C,LLM,Rational,0.7000000000000001,identified,0.06538230128851415,210.25077967436255,76.55102813585835,131.18265041936823,1.6071011191359812,0.0
D,LLM,LLM,0.8,anonymized,0.15,221.39586693946342,59.49552176282213,159.9069292617588,1.9934159148825028,-5.300854190582521
