Config,Intermediary,Consumers,m,Anonymization,Participation Rate,Social Welfare,Consumer Surplus,Producer Profit,Intermediary Profit,Welfare Loss (%)
A (Theory),Rational,Rational,0.7000000000000001,identified,0.06538230128851415,210.25077967436255,76.55102813585835,131.18265041936823,1.6071011191359812,0.0
B,Rational,LLM,0.7000000000000001,identified,0.1,213.27279655137335,69.01487488016599,143.14082055207138,1.1171011191359812,-1.4373392011631605
C,LLM,Rational,1.5,anonymized,0.9492179832254639,212.07811317456293,101.84556448123925,134.70495566785934,-24.457406974535647,-0.869120915047528
D,LLM,LLM,1.5,anonymized,0.15,212.7570702341756,78.43800957705076,133.7464736527911,0.5725870043337213,-1.1920481644323955
