Config,Intermediary,Consumers,m,Anonymization,Participation Rate,Social Welfare,Consumer Surplus,Producer Profit,Intermediary Profit,Intermediary Profit Loss (%),Individual Accuracy,TP,TN,FP,FN,Consumer Surplus Gap,Gini Consumer Surplus
A (Theory),Rational,Rational,0.7000000000000001,identified,0.06538230128851415,210.25077967436255,76.55102813585835,131.18265041936823,1.6071011191359812,0.0,,,,,,,
B,Rational,LLM,0.7000000000000001,identified,0.15,213.33490535743204,70.77798661611953,142.1398176221765,0.41710111913598125,74.04636745196062,0.9,1.0,17.0,2.0,0.0,-5.773041519738811,0.027347245585609192
C,LLM,Rational,0.7500000000000001,identified,0.08334895630029204,210.70791310138299,76.55102813585835,131.18265041936823,1.714234546156415,-6.666253028187269,,,,,,,
D,LLM,LLM,0.7,anonymized,0.3,215.3051379713547,73.26072409457845,142.3077758605664,-0.26336198379015663,116.38739346605314,0.75,1.0,14.0,5.0,0.0,-3.2903040412799243,0.04086931248976966
