Config,Intermediary,Consumers,m,Anonymization,Participation Rate,Social Welfare,Consumer Surplus,Producer Profit,Intermediary Profit,Welfare Loss (%)
A (Theory),Rational,Rational,0.7000000000000001,identified,0.06538230128851415,210.25077967436255,76.55102813585835,131.18265041936823,1.6071011191359812,0.0
B,Rational,LLM,0.7000000000000001,identified,0.05,213.2943330142456,64.35654716525003,147.1206847298596,1.8171011191359812,-1.4475824273265154
C,LLM,Rational,0.7,anonymized,0.06538230128851415,209.77733499057302,76.55102813585837,131.18265041936823,1.1721564353464062,0.2251809408377923
D,LLM,LLM,1.0,anonymized,0.05,213.52287856726656,64.65654716525003,147.1206847298596,1.745646672156949,-1.5562838330358892
