{
  "model": "grok-3-mini",
  "timestamp": "20260119_134618",
  "config_B": {
    "config": "B_rational_intermediary_llm_consumer",
    "participation": {
      "r_llm": 0.15,
      "r_theory": 0.06538230128851415,
      "r_absolute_error": 0.08461769871148585,
      "r_relative_error": 1.2941988434773988,
      "individual_accuracy": 0.8,
      "true_positive_rate": 0.0,
      "true_negative_rate": 0.8421052631578947,
      "false_positive_rate": 0.15789473684210525,
      "false_negative_rate": 1.0,
      "confusion_matrix": {
        "TP": 0.0,
        "TN": 16.0,
        "FP": 3.0,
        "FN": 1.0
      }
    },
    "market": {
      "social_welfare_llm": 214.07009506076108,
      "social_welfare_theory": 210.25077967436255,
      "social_welfare_diff": 3.8193153863985287,
      "consumer_surplus_llm": 69.50720895995998,
      "consumer_surplus_theory": 76.55102813585835,
      "consumer_surplus_diff": -7.0438191758983635,
      "producer_profit_llm": 144.1457849816651,
      "producer_profit_theory": 131.18265041936823,
      "producer_profit_diff": 12.963134562296858,
      "intermediary_profit_llm": 0.41710111913598125,
      "intermediary_profit_theory": 1.6071011191359812,
      "intermediary_profit_diff": -1.19,
      "social_welfare_ratio": 1.0181655230592435,
      "consumer_surplus_ratio": 0.9079853093103152,
      "producer_profit_ratio": 1.0988174466734433,
      "intermediary_profit_ratio": 0.25953632548039385,
      "welfare_loss": 0.0,
      "welfare_loss_percent": -1.8165523059243363
    },
    "inequality": {
      "gini_llm": 0.027838932411738293,
      "gini_theory": 0.017643694111231012,
      "gini_diff": 0.010195238300507281,
      "price_variance_llm": 0.0,
      "price_variance_theory": 0.0,
      "price_variance_diff": 0.0,
      "price_discrimination_index_llm": 0.0,
      "price_discrimination_index_theory": 0.0,
      "pdi_diff": 0.0
    }
  },
  "config_C": {
    "config": "C_llm_intermediary_rational_consumer",
    "strategy": {
      "m_llm": 1.0,
      "m_theory": 0.7000000000000001,
      "m_absolute_error": 0.29999999999999993,
      "m_relative_error": 0.42857142857142844,
      "anon_llm": "anonymized",
      "anon_theory": "identified",
      "anon_match": 0,
      "strategy_match": 0
    },
    "profit": {
      "profit_llm": -5.402630318884038,
      "profit_theory": 1.6071011191359812,
      "profit_diff": -7.009731438020019,
      "profit_ratio": -3.361723947892358,
      "profit_loss": 7.009731438020019,
      "profit_loss_percent": 436.1723947892358,
      "cost_llm": 10.0,
      "cost_theory": 0.0,
      "cost_efficiency": 0.0
    },
    "market": {
      "social_welfare_llm": 211.71999118520978,
      "social_welfare_theory": 210.25077967436255,
      "social_welfare_diff": 1.4692115108472308,
      "consumer_surplus_llm": 83.60109696342943,
      "consumer_surplus_theory": 76.55102813585835,
      "consumer_surplus_diff": 7.050068827571081,
      "producer_profit_llm": 134.3015245406644,
      "producer_profit_theory": 131.18265041936823,
      "producer_profit_diff": 3.118874121296159,
      "intermediary_profit_llm": -5.402630318884038,
      "intermediary_profit_theory": 1.6071011191359812,
      "intermediary_profit_diff": -7.009731438020019,
      "social_welfare_ratio": 1.0069879004164586,
      "consumer_surplus_ratio": 1.0920963310258751,
      "producer_profit_ratio": 1.0237750503692802,
      "intermediary_profit_ratio": -3.361723947892358,
      "welfare_loss": 0.0,
      "welfare_loss_percent": -0.6987900416458634
    },
    "participation_given_llm_strategy": {
      "r_given_llm": 0.4569283148828769,
      "r_optimal": 0.06538230128851415,
      "r_ratio": 6.988562743709153
    }
  },
  "config_D": {
    "config": "D_llm_intermediary_llm_consumer",
    "strategy": {
      "m_llm": 1.6,
      "anon_llm": "identified",
      "r_llm": 0.55
    },
    "vs_theory": {
      "m_error": 0.9,
      "anon_match": 1,
      "r_error": 0.4846176987114859
    },
    "market": {
      "social_welfare_llm": 217.01073200624538,
      "social_welfare_theory": 210.25077967436255,
      "social_welfare_diff": 6.759952331882829,
      "consumer_surplus_llm": 85.98972942124341,
      "consumer_surplus_theory": 76.55102813585835,
      "consumer_surplus_diff": 9.438701285385065,
      "producer_profit_llm": 143.92659611377144,
      "producer_profit_theory": 131.18265041936823,
      "producer_profit_diff": 12.743945694403209,
      "intermediary_profit_llm": -12.905593528769455,
      "intermediary_profit_theory": 1.6071011191359812,
      "intermediary_profit_diff": -14.512694647905436,
      "social_welfare_ratio": 1.0321518538116847,
      "consumer_surplus_ratio": 1.1232994711532,
      "producer_profit_ratio": 1.0971465788628527,
      "intermediary_profit_ratio": -8.030355635436203,
      "welfare_loss": 0.0,
      "welfare_loss_percent": -3.215185381168468
    },
    "interaction": {
      "vs_theory": {
        "social_welfare_ratio": 1.0321518538116847,
        "welfare_loss": 0.0,
        "welfare_loss_percent": -3.215185381168468,
        "cs_ratio": 1.1232994711532,
        "ip_ratio": -8.030355635436203
      },
      "exploitation_indicator": -7.148900041047907
    }
  }
}