Config,Intermediary,Consumers,m,Anonymization,Participation Rate,Social Welfare,Consumer Surplus,Producer Profit,Intermediary Profit,Intermediary Profit Loss (%)
A (Theory),Rational,Rational,0.7000000000000001,identified,0.06538230128851415,210.25077967436255,76.55102813585835,131.18265041936823,1.6071011191359812,0.0
B,Rational,LLM,0.7000000000000001,identified,0.15,215.82235925655485,66.3273349839824,149.07792315343644,0.41710111913598125,74.04636745196062
C,LLM,Rational,0.7500000000000001,identified,0.08334895630029204,210.70791310138299,76.55102813585835,131.18265041936823,1.714234546156415,-6.666253028187269
D,LLM,LLM,0.6500000000000001,anonymized,0.1,213.84440987749875,68.914874880166,143.14082055207138,1.7887144452613857,-11.300678218869294
