Config,Intermediary,Consumers,m,Anonymization,Participation Rate,Social Welfare,Consumer Surplus,Producer Profit,Intermediary Profit,Welfare Loss (%)
A (Theory),Rational,Rational,0.7000000000000001,identified,0.06538230128851415,210.25077967436255,76.55102813585835,131.18265041936823,1.6071011191359812,0.0
B,Rational,LLM,0.7000000000000001,identified,0.2,215.0669049184954,69.31019180396166,146.03961199539776,-0.28289888086401893,-2.290657495583173
C,LLM,Rational,0.4499999999999999,anonymized,0.009090490698087914,208.33477686033132,76.55102813585837,131.18265041936823,0.520098305104687,0.9112940351511396
D,LLM,LLM,0.29999999999999993,anonymized,0.05,213.52287856726656,63.95654716525002,147.1206847298596,2.445646672156949,-1.5562838330358892
