Config,Intermediary,Consumers,m,Anonymization,Participation Rate,Social Welfare,Consumer Surplus,Producer Profit,Intermediary Profit,Intermediary Profit Loss (%)
A (Theory),Rational,Rational,0.0,anonymized,0.0011384444225298138,185.7577926812196,66.20165095266691,119.55513864100053,0.001003087552156856,0.0
B,Rational,LLM,0.0,anonymized,0.0,185.7577926812196,66.20165095266691,119.55513864100053,0.001003087552156856,0.0
C,LLM,Rational,0.5500000000000002,identified,0.03583241768153773,185.7567895936674,66.2016509526669,119.55513864100053,-0.3740000000000001,37384.88098529574
D,LLM,LLM,0.30000000000000016,anonymized,0.05,210.679937445794,74.57916949337013,136.40076795242388,-0.30000000000000016,30007.658544354876
