Config,Intermediary,Consumers,m,Anonymization,Participation Rate,Social Welfare,Consumer Surplus,Producer Profit,Intermediary Profit,Welfare Loss (%)
A (Theory),Rational,Rational,0.7000000000000001,identified,0.06538230128851415,210.25077967436255,76.55102813585835,131.18265041936823,1.6071011191359812,0.0
B,Rational,LLM,0.7000000000000001,identified,0.15,214.07009506076108,69.50720895995998,144.1457849816651,0.41710111913598125,-1.8165523059243363
C,LLM,Rational,1.0,anonymized,0.4569283148828769,211.71999118520978,83.60109696342943,134.3015245406644,-5.402630318884038,-0.6987900416458634
D,LLM,LLM,1.6,identified,0.55,217.01073200624538,85.98972942124341,143.92659611377144,-12.905593528769455,-3.215185381168468
