Config,Intermediary,Consumers,m,Anonymization,Participation Rate,Social Welfare,Consumer Surplus,Producer Profit,Intermediary Profit,Welfare Loss (%)
A (Theory),Rational,Rational,0.7000000000000001,identified,0.06538230128851415,210.25077967436255,76.55102813585835,131.18265041936823,1.6071011191359812,0.0
B,Rational,LLM,0.7000000000000001,identified,0.15,219.5195521437169,59.19552176282213,159.9069292617588,0.41710111913598125,-4.408436669633226
C,LLM,Rational,0.75,anonymized,0.08334895630029238,210.7742326820165,76.55102813585837,131.18265041936823,1.7055541267898766,-0.24896602450877103
D,LLM,LLM,0.7999999999999999,anonymized,0.2,221.2524364298522,63.310009780152086,156.22615794894242,1.716268700757691,-5.232635414017998
