Config,Intermediary,Consumers,m,Anonymization,Participation Rate,Social Welfare,Consumer Surplus,Producer Profit,Intermediary Profit,Intermediary Profit Loss (%),Individual Accuracy,TP,TN,FP,FN,Consumer Surplus Gap,Gini Consumer Surplus
A (Theory),Rational,Rational,0.7000000000000001,identified,0.06538230128851415,210.25077967436255,76.55102813585835,131.18265041936823,1.6071011191359812,0.0,,,,,,,
B,Rational,LLM,0.7000000000000001,identified,0.0,210.25077967436255,76.55102813585835,131.18265041936823,2.5171011191359813,-56.62369275738166,0.95,0.0,19.0,0.0,1.0,0.0,0.017643694111231012
C,LLM,Rational,0.65,anonymized,0.04907142478741731,209.34942120246458,76.55102813585837,131.18265041936823,0.959242647237968,40.31224072859326,,,,,,,
D,LLM,LLM,1.2,anonymized,0.0,207.73367855522662,76.55102813585837,131.18265041936823,0.0,100.0,0.35,0.0,7.0,0.0,13.0,-14.984333178639844,0.017643694111231234
