Config,Intermediary,Consumers,m,Anonymization,Participation Rate,Social Welfare,Consumer Surplus,Producer Profit,Intermediary Profit,Welfare Loss (%)
A (Theory),Rational,Rational,0.5,anonymized,0.048632352511050574,202.0393492656166,78.5157513691565,123.39507774818573,1.596020148274368,0.0
B,Rational,LLM,0.5,anonymized,0.05,197.3021583149472,95.42127392929845,100.25236423737441,1.6285201482743679,2.3446872937813326
C,LLM,Rational,0.6,anonymized,0.12916326514146903,199.29023593470356,83.40147228945095,117.37005394504884,1.2007097002037694,1.3606821348938567
D,LLM,LLM,0.6,anonymized,0.05,197.37386035880527,95.52127392929846,100.25236423737441,1.6002221921323976,2.309198145692758
