Config,Intermediary,Consumers,m,Anonymization,Participation Rate,Social Welfare,Consumer Surplus,Producer Profit,Intermediary Profit,Intermediary Profit Loss (%)
A (Theory),Rational,Rational,0.7000000000000001,identified,0.06538230128851415,210.25077967436255,76.55102813585835,131.18265041936823,1.6071011191359812,0.0
B,Rational,LLM,0.7000000000000001,identified,0.15,215.3131785574657,67.26588588579425,147.63019155253548,0.41710111913598125,74.04636745196062
C,LLM,Rational,0.7000000000000001,identified,0.06538230128851415,210.25077967436255,76.55102813585835,131.18265041936823,1.6071011191359812,0.0
D,LLM,LLM,0.65,anonymized,0.2,216.94893315081364,69.11019180396168,146.03961199539776,1.7991293514541904,-11.948733656625695
