Config,Intermediary,Consumers,m,Anonymization,Participation Rate,Social Welfare,Consumer Surplus,Producer Profit,Intermediary Profit,Welfare Loss (%)
A (Theory),Rational,Rational,0.7000000000000001,identified,0.06538230128851415,210.25077967436255,76.55102813585835,131.18265041936823,1.6071011191359812,0.0
B,Rational,LLM,0.7000000000000001,identified,0.0,210.25077967436255,76.55102813585835,131.18265041936823,2.5171011191359813,0.0
C,LLM,Rational,1.5,identified,0.9492179832254638,213.35094333213274,101.84556448123925,134.70495566785937,-23.192076816965884,-1.474507567853848
D,LLM,LLM,1.0,identified,0.0,207.73367855522656,76.55102813585835,131.18265041936823,0.0,1.1971899096091274
