Config,Intermediary,Consumers,m,Anonymization,Participation Rate,Social Welfare,Consumer Surplus,Producer Profit,Intermediary Profit,Intermediary Profit Loss (%)
A (Theory),Rational,Rational,0.7000000000000001,identified,0.06538230128851415,210.25077967436255,76.55102813585835,131.18265041936823,1.6071011191359812,0.0
B,Rational,LLM,0.7000000000000001,identified,0.1,213.27279655137335,69.01487488016599,143.14082055207138,1.1171011191359812,30.489680715513195
C,LLM,Rational,0.7500000000000001,identified,0.08334895630029204,210.70791310138299,76.55102813585835,131.18265041936823,1.714234546156415,-6.666253028187269
D,LLM,LLM,0.7000000000000001,anonymized,0.2,218.8418753210699,66.67809824171997,150.2812455466813,1.8825315326686343,-17.138337485617054
