Config,Intermediary,Consumers,m,Anonymization,Participation Rate,Social Welfare,Consumer Surplus,Producer Profit,Intermediary Profit,Intermediary Profit Loss (%),Individual Accuracy,TP,TN,FP,FN,Consumer Surplus Gap,Gini Consumer Surplus
A (Theory),Rational,Rational,0.7000000000000001,identified,0.06538230128851415,210.25077967436255,76.55102813585835,131.18265041936823,1.6071011191359812,0.0,,,,,,,
B,Rational,LLM,0.7000000000000001,identified,0.2,215.716891557961,68.26252541772656,147.73726502109847,-0.28289888086401893,117.60305418840804,0.75,0.0,15.0,4.0,1.0,-8.288502718131781,0.034820244512969056
C,LLM,Rational,0.6000000000000001,identified,0.03424390602811047,209.4440290893279,76.55102813585835,131.18265041936823,1.3113505341013418,18.402736549249774,,,,,,,
D,LLM,LLM,0.25000000000000017,anonymized,0.05,213.52287856726656,63.906547165250025,147.1206847298596,2.495646672156949,-55.288714719996754,0.95,0.0,19.0,1.0,0.0,-12.644480970608349,0.010796152495032407
