Config,Intermediary,Consumers,m,Anonymization,Participation Rate,Social Welfare,Consumer Surplus,Producer Profit,Intermediary Profit,Intermediary Profit Loss (%),Individual Accuracy,TP,TN,FP,FN,Consumer Surplus Gap,Gini Consumer Surplus
A (Theory),Rational,Rational,0.7000000000000001,identified,0.06538230128851415,210.25077967436255,76.55102813585835,131.18265041936823,1.6071011191359812,0.0,,,,,,,
B,Rational,LLM,0.7000000000000001,identified,0.25,217.82475058392154,66.26426587791366,152.5433835868719,-0.9828988808640191,161.15974092485547,0.8,1.0,15.0,4.0,0.0,-10.286762257944687,0.04157094806066142
C,LLM,Rational,0.7500000000000001,anonymized,0.08334895630029238,210.7742326820165,76.55102813585837,131.18265041936823,1.7055541267898764,-6.126124018059676,,,,,,,
D,LLM,LLM,0.7499999999999999,anonymized,0.25,219.40708661889326,66.51426587791353,152.54338358687193,0.3494371541077972,78.2566790635014,0.8,1.0,15.0,4.0,0.0,-10.036762257944844,0.0442336431591237
