Config,Intermediary,Consumers,m,Anonymization,Participation Rate,Social Welfare,Consumer Surplus,Producer Profit,Intermediary Profit,Intermediary Profit Loss (%),Individual Accuracy,TP,TN,FP,FN,Consumer Surplus Gap,Gini Consumer Surplus
A (Theory),Rational,Rational,0.0,anonymized,0.0011384444225298138,185.7577926812196,66.20165095266691,119.55513864100053,0.001003087552156856,0.0,,,,,,,
B,Rational,LLM,0.0,anonymized,0.0,185.7577926812196,66.20165095266691,119.55513864100053,0.001003087552156856,0.0,1.0,0.0,20.0,0.0,0.0,0.0,0.3105620612861688
C,LLM,Rational,0.40000000000000024,anonymized,0.027356685856414254,185.75678959366743,66.20165095266691,119.55513864100053,-0.23200000000000012,23228.58927430111,,,,,,,
D,LLM,LLM,0.7,anonymized,0.1,191.32797016236267,70.93072540258275,121.54172580342171,-1.1444810436417685,114195.82754574972,0.7,0.0,14.0,2.0,4.0,4.729074449915842,0.31225809907681223
