Config,Intermediary,Consumers,m,Anonymization,Participation Rate,Social Welfare,Consumer Surplus,Producer Profit,Intermediary Profit,Intermediary Profit Loss (%),Individual Accuracy,TP,TN,FP,FN,Consumer Surplus Gap,Gini Consumer Surplus,场景,模型,数据结构
A (Theory),Rational,Rational,0.7000000000000001,identified,0.06538230128851415,210.25077967436255,76.55102813585835,131.18265041936823,1.6071011191359812,0.0,,,,,,,,C,deepseek-v3.2,common_preferences
B,Rational,LLM,0.7000000000000001,identified,0.0,210.25077967436255,76.55102813585835,131.18265041936823,2.5171011191359813,-56.62369275738166,0.95,0.0,19.0,0.0,1.0,0.0,0.017643694111231012,C,deepseek-v3.2,common_preferences
C,LLM,Rational,0.7000000000000001,identified,0.06538230128851415,210.25077967436255,76.55102813585835,131.18265041936823,1.6071011191359812,0.0,,,,,,,,C,deepseek-v3.2,common_preferences
D,LLM,LLM,1.5,anonymized,0.05,213.67727799176907,63.43330068971038,149.36086780316492,0.8831094988937593,45.04953743243352,0.15,1.0,2.0,0.0,17.0,-38.41226379152887,0.03015516477995095,C,deepseek-v3.2,common_preferences
A (Theory),Rational,Rational,0.0,anonymized,0.0011384444225298138,185.7577926812196,66.20165095266691,119.55513864100053,0.001003087552156856,0.0,,,,,,,,C,deepseek-v3.2,common_experience
B,Rational,LLM,0.0,anonymized,0.0,185.7577926812196,66.20165095266691,119.55513864100053,0.001003087552156856,0.0,1.0,0.0,20.0,0.0,0.0,0.0,0.3105620612861688,C,deepseek-v3.2,common_experience
C,LLM,Rational,0.7,identified,0.5073959893378188,187.87663548031787,73.53427675150591,117.56740239645563,-3.386043667643674,337662.1260938734,,,,,,,,C,deepseek-v3.2,common_experience
D,LLM,LLM,1.1,identified,0.0,185.7567895936674,66.2016509526669,119.55513864100053,0.0,100.0,0.1,0.0,2.0,0.0,18.0,-21.31608467728492,0.31056206128616903,C,deepseek-v3.2,common_experience
